Name	YT Scope Project	
File	H:\mscthesisgeert\MScThesisTemplate\Code\AGC_functions\dSPACE_TwinCAT_recordings\NoiseMeas0V.csv	
Starttime of export	133014769934170000	dinsdag 5 juli 2022	08:43:13.417
Endtime of export	133014770253842131	dinsdag 5 juli 2022	08:43:45.384


Name	AI_df1	Name	AI_df2	Name	AI_dPtie1
SymbolComment	frequency area 1	SymbolComment	frequency area 2	SymbolComment	tie-line power flow
Data-Type	INT16	Data-Type	INT16	Data-Type	INT16
SampleTime[ms]	10	SampleTime[ms]	10	SampleTime[ms]	10
VariableSize	2	VariableSize	2	VariableSize	2
SymbolBased	True	SymbolBased	True	SymbolBased	True
IndexGroup	61472	IndexGroup	61472	IndexGroup	61472
IndexOffset	385000	IndexOffset	385002	IndexOffset	385004
SymbolName	MAIN.AI_df1	SymbolName	MAIN.AI_df2	SymbolName	MAIN.AI_dPtie1
NetID	172.18.237.162.1.1	NetID	172.18.237.162.1.1	NetID	172.18.237.162.1.1
Port	851	Port	851	Port	851
Offset	0	Offset	0	Offset	0
ScaleFactor	1	ScaleFactor	1	ScaleFactor	1
BitMask	0xffffffffffffffff	BitMask	0xffffffffffffffff	BitMask	0xffffffffffffffff
Unit	(None)	Unit	(None)	Unit	(None)
Unit ScaleFactor	1	Unit ScaleFactor	1	Unit ScaleFactor	1
Unit Offset	0	Unit Offset	0	Unit Offset	0

0	-5	0	-2	0	-13
10	-5	10	0	10	-15
20	-4	20	-3	20	-14
30	-4	30	-4	30	-13
40	-5	40	-4	40	-12
50	-5	50	-3	50	-11
60	-4	60	-3	60	-12
70	-5	70	-2	70	-14
80	-5	80	1	80	-17
90	-5	90	-3	90	-14
100	-5	100	-3	100	-13
110	-5	110	-2	110	-13
120	-5	120	-2	120	-14
130	-6	130	0	130	-15
140	-5	140	-2	140	-14
150	-5	150	-2	150	-14
160	-5	160	-2	160	-15
170	-4	170	-3	170	-14
180	-4	180	-3	180	-14
190	-5	190	-4	190	-14
200	-6	200	-5	200	-14
210	-6	210	-3	210	-14
220	-5	220	0	220	-14
230	-4	230	-3	230	-14
240	-5	240	-2	240	-14
250	-4	250	0	250	-14
260	-4	260	-2	260	-14
270	-5	270	-3	270	-13
280	-4	280	-4	280	-15
290	-4	290	-3	290	-15
300	-3	300	-3	300	-14
310	-3	310	-5	310	-14
320	-4	320	-4	320	-13
330	-4	330	-3	330	-14
340	-5	340	-2	340	-14
350	-4	350	1	350	-12
360	-4	360	1	360	-13
370	-4	370	1	370	-14
380	-4	380	-4	380	-15
390	-3	390	-4	390	-15
400	-3	400	1	400	-13
410	-3	410	0	410	-13
420	-3	420	-2	420	-15
430	-5	430	-2	430	-15
440	-4	440	-2	440	-13
450	-3	450	-2	450	-13
460	-4	460	-4	460	-14
470	-5	470	-2	470	-15
480	-5	480	-2	480	-14
490	-5	490	-4	490	-14
500	-4	500	-5	500	-15
510	-3	510	-5	510	-17
520	-5	520	-3	520	-18
530	-3	530	-2	530	-17
540	-3	540	-3	540	-17
550	-4	550	-3	550	-15
560	-4	560	-3	560	-14
570	-3	570	-3	570	-15
580	-3	580	-2	580	-13
590	-5	590	0	590	-14
600	-5	600	0	600	-17
610	-5	610	-2	610	-17
620	-5	620	-4	620	-17
630	-5	630	-4	630	-15
640	-5	640	-3	640	-14
650	-3	650	0	650	-14
660	-5	660	0	660	-17
670	-6	670	-3	670	-17
680	-4	680	-3	680	-15
690	-3	690	-3	690	-17
700	-4	700	-4	700	-18
710	-4	710	-5	710	-15
720	-5	720	-5	720	-17
730	-4	730	-4	730	-18
740	-3	740	-3	740	-17
750	-4	750	-6	750	-15
760	-4	760	-4	760	-15
770	-4	770	-2	770	-15
780	-2	780	-2	780	-14
790	-2	790	-3	790	-14
800	-4	800	-3	800	-13
810	-4	810	0	810	-15
820	-3	820	0	820	-13
830	-4	830	-2	830	-11
840	-4	840	-2	840	-13
850	-4	850	-3	850	-13
860	-3	860	-4	860	-12
870	-3	870	-5	870	-14
880	-3	880	-4	880	-13
890	-2	890	0	890	-13
900	-5	900	0	900	-13
910	-6	910	-2	910	-15
920	-5	920	-2	920	-15
930	-3	930	-3	930	-12
940	-3	940	-4	940	-13
950	-3	950	-2	950	-15
960	-3	960	0	960	-15
970	-3	970	0	970	-14
980	-4	980	-2	980	-14
990	-6	990	-3	990	-13
1000	-4	1000	-3	1000	-14
1010	-4	1010	-4	1010	-17
1020	-4	1020	-3	1020	-15
1030	-4	1030	-2	1030	-14
1040	-6	1040	-2	1040	-14
1050	-5	1050	-2	1050	-13
1060	0	1060	0	1060	-12
1070	0	1070	0	1070	-12
1080	-4	1080	-3	1080	-14
1090	-5	1090	-2	1090	-15
1100	-4	1100	0	1100	-14
1110	-4	1110	-3	1110	-13
1120	-3	1120	-3	1120	-14
1130	-4	1130	0	1130	-14
1140	-4	1140	0	1140	-15
1150	-4	1150	-2	1150	-13
1160	-3	1160	-2	1160	-13
1170	-3	1170	-4	1170	-15
1180	-3	1180	-3	1180	-14
1190	-3	1190	-3	1190	-15
1200	-3	1200	-5	1200	-14
1210	-5	1210	-4	1210	-15
1220	-6	1220	-4	1220	-15
1230	-3	1230	-2	1230	-14
1240	-3	1240	1	1240	-14
1250	-2	1250	0	1250	-13
1260	-2	1260	-3	1260	-14
1270	-3	1270	1	1270	-15
1280	-5	1280	1	1280	-17
1290	-5	1290	0	1290	-15
1300	-4	1300	-2	1300	-14
1310	-4	1310	-2	1310	-14
1320	-4	1320	-2	1320	-13
1330	-5	1330	0	1330	-13
1340	-4	1340	1	1340	-14
1350	-4	1350	-2	1350	-14
1360	-5	1360	-4	1360	-14
1370	-5	1370	-3	1370	-15
1380	-5	1380	-4	1380	-15
1390	-5	1390	-5	1390	-13
1400	-5	1400	-2	1400	-11
1410	-4	1410	-2	1410	-14
1420	-5	1420	-4	1420	-14
1430	-5	1430	-6	1430	-12
1440	-5	1440	-5	1440	-14
1450	-4	1450	-3	1450	-14
1460	-4	1460	-3	1460	-14
1470	-4	1470	-3	1470	-15
1480	-4	1480	-5	1480	-15
1490	-4	1490	-4	1490	-13
1500	-3	1500	0	1500	-14
1510	-2	1510	1	1510	-15
1520	-3	1520	-2	1520	-14
1530	-4	1530	-3	1530	-14
1540	-4	1540	-3	1540	-15
1550	-5	1550	-5	1550	-17
1560	-5	1560	-4	1560	-15
1570	-6	1570	-2	1570	-13
1580	-6	1580	1	1580	-13
1590	-4	1590	-4	1590	-12
1600	-5	1600	-5	1600	-13
1610	-6	1610	-2	1610	-14
1620	-4	1620	-3	1620	-15
1630	-3	1630	-4	1630	-17
1640	-3	1640	-3	1640	-17
1650	-3	1650	-3	1650	-15
1660	-5	1660	-4	1660	-14
1670	-5	1670	-3	1670	-14
1680	-5	1680	-2	1680	-14
1690	-4	1690	-3	1690	-14
1700	-3	1700	0	1700	-14
1710	-4	1710	0	1710	-14
1720	-5	1720	-4	1720	-15
1730	-4	1730	-4	1730	-14
1740	-3	1740	0	1740	-12
1750	-3	1750	0	1750	-14
1760	-3	1760	-2	1760	-17
1770	-4	1770	-4	1770	-15
1780	-4	1780	-4	1780	-17
1790	-4	1790	-3	1790	-15
1800	-4	1800	-4	1800	-13
1810	-5	1810	-4	1810	-13
1820	-4	1820	-3	1820	-14
1830	-3	1830	-4	1830	-15
1840	-4	1840	-2	1840	-13
1850	-6	1850	1	1850	-14
1860	-6	1860	0	1860	-17
1870	-4	1870	-2	1870	-17
1880	-3	1880	-2	1880	-15
1890	-2	1890	-2	1890	-15
1900	0	1900	-4	1900	-15
1910	0	1910	-3	1910	-13
1920	-2	1920	-2	1920	-11
1930	-3	1930	-3	1930	-13
1940	-3	1940	-2	1940	-13
1950	-3	1950	0	1950	-13
1960	-5	1960	-3	1960	-15
1970	-5	1970	-3	1970	-15
1980	-4	1980	-2	1980	-15
1990	-3	1990	-2	1990	-15
2000	-4	2000	-2	2000	-15
2010	-5	2010	-2	2010	-13
2020	-4	2020	-2	2020	-12
2030	-4	2030	-2	2030	-13
2040	-3	2040	-5	2040	-15
2050	-2	2050	-4	2050	-14
2060	-3	2060	-4	2060	-13
2070	-6	2070	-5	2070	-14
2080	-7	2080	-5	2080	-14
2090	-5	2090	-3	2090	-13
2100	-3	2100	-2	2100	-13
2110	-2	2110	2	2110	-13
2120	-2	2120	0	2120	-15
2130	-2	2130	-4	2130	-14
2140	-4	2140	-2	2140	-14
2150	-4	2150	1	2150	-15
2160	-4	2160	1	2160	-15
2170	-6	2170	-2	2170	-17
2180	-6	2180	0	2180	-13
2190	-4	2190	0	2190	-13
2200	-4	2200	-3	2200	-14
2210	-4	2210	-5	2210	-14
2220	-3	2220	-2	2220	-13
2230	-4	2230	-3	2230	-14
2240	-5	2240	-5	2240	-14
2250	-4	2250	-4	2250	-14
2260	-4	2260	-4	2260	-15
2270	-5	2270	-2	2270	-17
2280	-6	2280	-2	2280	-17
2290	-4	2290	-2	2290	-15
2300	-4	2300	-3	2300	-15
2310	-4	2310	-2	2310	-14
2320	-4	2320	0	2320	-15
2330	-3	2330	-2	2330	-17
2340	-4	2340	-2	2340	-15
2350	-4	2350	-2	2350	-13
2360	-4	2360	0	2360	-13
2370	-4	2370	-2	2370	-14
2380	-3	2380	-3	2380	-15
2390	-3	2390	-5	2390	-17
2400	-4	2400	-4	2400	-17
2410	-5	2410	-2	2410	-15
2420	-5	2420	-3	2420	-17
2430	-3	2430	-5	2430	-17
2440	-3	2440	-6	2440	-17
2450	-4	2450	-5	2450	-15
2460	-4	2460	-3	2460	-13
2470	-4	2470	-2	2470	-12
2480	-3	2480	-3	2480	-13
2490	-4	2490	-4	2490	-14
2500	-4	2500	-4	2500	-15
2510	-4	2510	-2	2510	-15
2520	-5	2520	-2	2520	-13
2530	-3	2530	-2	2530	-11
2540	-3	2540	0	2540	-10
2550	-5	2550	-3	2550	-13
2560	-5	2560	-4	2560	-14
2570	-3	2570	-3	2570	-13
2580	-2	2580	0	2580	-13
2590	-3	2590	-2	2590	-13
2600	-3	2600	-4	2600	-14
2610	-4	2610	-3	2610	-17
2620	-4	2620	0	2620	-17
2630	-3	2630	0	2630	-14
2640	-3	2640	-2	2640	-13
2650	-3	2650	0	2650	-12
2660	-3	2660	1	2660	-12
2670	-3	2670	-2	2670	-15
2680	-3	2680	-3	2680	-15
2690	-4	2690	-3	2690	-12
2700	-5	2700	-3	2700	-13
2710	-4	2710	-3	2710	-15
2720	-4	2720	-2	2720	-15
2730	-4	2730	-2	2730	-14
2740	-4	2740	-3	2740	-15
2750	-4	2750	-2	2750	-15
2760	-4	2760	-3	2760	-14
2770	-4	2770	-2	2770	-15
2780	-4	2780	0	2780	-14
2790	-4	2790	0	2790	-15
2800	-4	2800	0	2800	-17
2810	-5	2810	-4	2810	-17
2820	-5	2820	-4	2820	-17
2830	-4	2830	-3	2830	-17
2840	-3	2840	-3	2840	-15
2850	-3	2850	-2	2850	-14
2860	-3	2860	0	2860	-14
2870	-4	2870	0	2870	-14
2880	-3	2880	-2	2880	-15
2890	-4	2890	-3	2890	-14
2900	-3	2900	-4	2900	-11
2910	-2	2910	-4	2910	-12
2920	-4	2920	-5	2920	-14
2930	-2	2930	-2	2930	-14
2940	0	2940	0	2940	-12
2950	-2	2950	-3	2950	-13
2960	-3	2960	-4	2960	-15
2970	-4	2970	-4	2970	-14
2980	-4	2980	-4	2980	-14
2990	-4	2990	-3	2990	-14
3000	-3	3000	-2	3000	-13
3010	-3	3010	-3	3010	-13
3020	-3	3020	-3	3020	-15
3030	-4	3030	0	3030	-15
3040	-4	3040	-2	3040	-13
3050	-4	3050	-2	3050	-13
3060	-4	3060	-2	3060	-14
3070	-4	3070	-5	3070	-15
3080	-3	3080	-5	3080	-13
3090	-3	3090	-4	3090	-12
3100	-4	3100	-4	3100	-12
3110	-4	3110	-4	3110	-13
3120	-4	3120	-5	3120	-15
3130	-5	3130	-4	3130	-14
3140	-4	3140	0	3140	-13
3150	-4	3150	-3	3150	-13
3160	-3	3160	-5	3160	-14
3170	-2	3170	-4	3170	-15
3180	-4	3180	-2	3180	-13
3190	-4	3190	0	3190	-13
3200	-4	3200	0	3200	-14
3210	-5	3210	-2	3210	-15
3220	-6	3220	-3	3220	-17
3230	-5	3230	-2	3230	-17
3240	-5	3240	-3	3240	-15
3250	-4	3250	-4	3250	-14
3260	-4	3260	-3	3260	-15
3270	-5	3270	-2	3270	-17
3280	-5	3280	0	3280	-15
3290	-2	3290	0	3290	-14
3300	-3	3300	-2	3300	-13
3310	-4	3310	-4	3310	-14
3320	-2	3320	-3	3320	-12
3330	0	3330	1	3330	-11
3340	-2	3340	-2	3340	-13
3350	-5	3350	-4	3350	-14
3360	-4	3360	-4	3360	-14
3370	-3	3370	-4	3370	-15
3380	-4	3380	-4	3380	-15
3390	-4	3390	-4	3390	-14
3400	-3	3400	-5	3400	-14
3410	-4	3410	-4	3410	-13
3420	-3	3420	-3	3420	-12
3430	-3	3430	0	3430	-13
3440	-3	3440	2	3440	-15
3450	-4	3450	-2	3450	-13
3460	-4	3460	-3	3460	-15
3470	-4	3470	-3	3470	-17
3480	-4	3480	-2	3480	-13
3490	-4	3490	-2	3490	-14
3500	-5	3500	-3	3500	-15
3510	-5	3510	-3	3510	-15
3520	-2	3520	-2	3520	-15
3530	0	3530	1	3530	-17
3540	-3	3540	-2	3540	-14
3550	-4	3550	-3	3550	-11
3560	-4	3560	0	3560	-13
3570	-4	3570	-3	3570	-13
3580	-2	3580	-2	3580	-12
3590	-2	3590	1	3590	-13
3600	-4	3600	0	3600	-14
3610	-5	3610	0	3610	-15
3620	-4	3620	-2	3620	-14
3630	-5	3630	-4	3630	-14
3640	-5	3640	-6	3640	-15
3650	-5	3650	-6	3650	-14
3660	-4	3660	-2	3660	-14
3670	-3	3670	2	3670	-13
3680	-5	3680	0	3680	-13
3690	-5	3690	-4	3690	-13
3700	-4	3700	-2	3700	-14
3710	-4	3710	-3	3710	-13
3720	-5	3720	-4	3720	-11
3730	-5	3730	-4	3730	-14
3740	-3	3740	-3	3740	-14
3750	-2	3750	-3	3750	-14
3760	-2	3760	-3	3760	-12
3770	-2	3770	-4	3770	-12
3780	-3	3780	-4	3780	-14
3790	-4	3790	-4	3790	-14
3800	-4	3800	-4	3800	-14
3810	-4	3810	-2	3810	-17
3820	-5	3820	-2	3820	-18
3830	-4	3830	-2	3830	-17
3840	-5	3840	-2	3840	-14
3850	-5	3850	-2	3850	-13
3860	-3	3860	-2	3860	-17
3870	-3	3870	0	3870	-17
3880	-3	3880	0	3880	-14
3890	-3	3890	1	3890	-14
3900	-4	3900	0	3900	-13
3910	-5	3910	-4	3910	-13
3920	-4	3920	-4	3920	-14
3930	-3	3930	-2	3930	-14
3940	-3	3940	-2	3940	-12
3950	-3	3950	-3	3950	-12
3960	-3	3960	-3	3960	-15
3970	-5	3970	-2	3970	-13
3980	-5	3980	1	3980	-13
3990	-3	3990	0	3990	-15
4000	-2	4000	0	4000	-14
4010	-3	4010	-4	4010	-14
4020	-5	4020	-4	4020	-13
4030	-6	4030	0	4030	-14
4040	-5	4040	0	4040	-14
4050	-5	4050	-2	4050	-13
4060	-5	4060	-2	4060	-14
4070	-4	4070	-2	4070	-15
4080	-4	4080	-3	4080	-15
4090	-4	4090	0	4090	-14
4100	-5	4100	-3	4100	-15
4110	-6	4110	-4	4110	-15
4120	-4	4120	-4	4120	-14
4130	-5	4130	-4	4130	-11
4140	-3	4140	-2	4140	-11
4150	-3	4150	0	4150	-13
4160	-3	4160	1	4160	-12
4170	-3	4170	0	4170	-11
4180	-4	4180	-3	4180	-14
4190	-5	4190	-5	4190	-18
4200	-5	4200	-2	4200	-17
4210	-4	4210	1	4210	-15
4220	-4	4220	1	4220	-13
4230	-4	4230	-2	4230	-14
4240	-4	4240	-2	4240	-15
4250	-3	4250	0	4250	-14
4260	-4	4260	-3	4260	-13
4270	-3	4270	-3	4270	-13
4280	0	4280	-2	4280	-14
4290	-2	4290	-3	4290	-15
4300	-4	4300	0	4300	-13
4310	-4	4310	1	4310	-13
4320	-4	4320	-2	4320	-15
4330	-4	4330	0	4330	-14
4340	-3	4340	-2	4340	-15
4350	-5	4350	-4	4350	-17
4360	-5	4360	-2	4360	-17
4370	-4	4370	-3	4370	-14
4380	0	4380	-4	4380	-13
4390	0	4390	0	4390	-13
4400	-4	4400	0	4400	-14
4410	-5	4410	0	4410	-14
4420	-4	4420	0	4420	-14
4430	-5	4430	-2	4430	-14
4440	-4	4440	-2	4440	-13
4450	-4	4450	0	4450	-12
4460	-4	4460	-2	4460	-14
4470	-4	4470	-4	4470	-17
4480	-5	4480	-4	4480	-17
4490	-5	4490	-2	4490	-15
4500	-4	4500	0	4500	-14
4510	-4	4510	-3	4510	-15
4520	-3	4520	-3	4520	-15
4530	-3	4530	-2	4530	-14
4540	-4	4540	-2	4540	-15
4550	-4	4550	0	4550	-15
4560	-5	4560	1	4560	-17
4570	-5	4570	-2	4570	-15
4580	-5	4580	-3	4580	-15
4590	-5	4590	-3	4590	-14
4600	-3	4600	-2	4600	-14
4610	-3	4610	-2	4610	-14
4620	-4	4620	-3	4620	-12
4630	-5	4630	-3	4630	-12
4640	-4	4640	0	4640	-13
4650	-3	4650	1	4650	-14
4660	-3	4660	1	4660	-15
4670	-3	4670	0	4670	-15
4680	-3	4680	-2	4680	-14
4690	-5	4690	-3	4690	-17
4700	-5	4700	-3	4700	-15
4710	-2	4710	0	4710	-13
4720	0	4720	1	4720	-13
4730	-3	4730	0	4730	-13
4740	-4	4740	0	4740	-13
4750	-5	4750	0	4750	-14
4760	-5	4760	-3	4760	-14
4770	-4	4770	-2	4770	-13
4780	-3	4780	-2	4780	-13
4790	-3	4790	-3	4790	-14
4800	-3	4800	-2	4800	-15
4810	-2	4810	0	4810	-14
4820	-4	4820	-2	4820	-14
4830	-4	4830	-4	4830	-14
4840	-3	4840	-3	4840	-14
4850	-4	4850	-2	4850	-14
4860	-4	4860	-3	4860	-14
4870	-4	4870	-4	4870	-14
4880	-5	4880	-3	4880	-14
4890	-5	4890	-3	4890	-13
4900	-5	4900	0	4900	-15
4910	-5	4910	2	4910	-17
4920	-4	4920	1	4920	-14
4930	-3	4930	-2	4930	-14
4940	-4	4940	0	4940	-14
4950	-4	4950	0	4950	-14
4960	-4	4960	0	4960	-14
4970	-3	4970	0	4970	-13
4980	-3	4980	-2	4980	-14
4990	-4	4990	-3	4990	-17
5000	-4	5000	-2	5000	-15
5010	-4	5010	-2	5010	-15
5020	-4	5020	-4	5020	-14
5030	-4	5030	-3	5030	-14
5040	-4	5040	-3	5040	-15
5050	-4	5050	-2	5050	-17
5060	-3	5060	-2	5060	-15
5070	-3	5070	-3	5070	-14
5080	-4	5080	-3	5080	-14
5090	-4	5090	-2	5090	-14
5100	-3	5100	0	5100	-15
5110	-3	5110	0	5110	-14
5120	-6	5120	-2	5120	-13
5130	-6	5130	-2	5130	-13
5140	-4	5140	-2	5140	-13
5150	-4	5150	-4	5150	-14
5160	-4	5160	-5	5160	-15
5170	-2	5170	-2	5170	-15
5180	-3	5180	-2	5180	-14
5190	-4	5190	-3	5190	-13
5200	-3	5200	-2	5200	-13
5210	-3	5210	-2	5210	-14
5220	-3	5220	0	5220	-14
5230	-3	5230	1	5230	-13
5240	-4	5240	1	5240	-12
5250	-4	5250	-2	5250	-14
5260	-3	5260	-3	5260	-14
5270	-2	5270	-2	5270	-13
5280	-3	5280	-2	5280	-14
5290	-4	5290	0	5290	-14
5300	-4	5300	-3	5300	-15
5310	-3	5310	-5	5310	-15
5320	-4	5320	-3	5320	-15
5330	-4	5330	-3	5330	-15
5340	-5	5340	-3	5340	-13
5350	-6	5350	-2	5350	-14
5360	-4	5360	-2	5360	-15
5370	-4	5370	-3	5370	-14
5380	-5	5380	-3	5380	-14
5390	-5	5390	-6	5390	-15
5400	-6	5400	-4	5400	-17
5410	-5	5410	0	5410	-15
5420	-3	5420	0	5420	-14
5430	-3	5430	2	5430	-15
5440	-3	5440	0	5440	-18
5450	-3	5450	-4	5450	-17
5460	-3	5460	-4	5460	-15
5470	-4	5470	-5	5470	-15
5480	-5	5480	-5	5480	-14
5490	-3	5490	-4	5490	-14
5500	0	5500	-2	5500	-14
5510	-3	5510	-3	5510	-12
5520	-4	5520	-3	5520	-12
5530	-4	5530	0	5530	-14
5540	-3	5540	-3	5540	-14
5550	-4	5550	-2	5550	-15
5560	-4	5560	0	5560	-15
5570	-2	5570	0	5570	-14
5580	-3	5580	-3	5580	-13
5590	-4	5590	-3	5590	-14
5600	-3	5600	-4	5600	-17
5610	-3	5610	-4	5610	-15
5620	-3	5620	-3	5620	-14
5630	-3	5630	-2	5630	-14
5640	-3	5640	0	5640	-15
5650	-2	5650	1	5650	-15
5660	-3	5660	-2	5660	-14
5670	-4	5670	-3	5670	-13
5680	-3	5680	-3	5680	-13
5690	-4	5690	-5	5690	-18
5700	-4	5700	-3	5700	-17
5710	-4	5710	1	5710	-17
5720	-4	5720	1	5720	-18
5730	-4	5730	0	5730	-14
5740	-4	5740	0	5740	-14
5750	-4	5750	-2	5750	-15
5760	-5	5760	-2	5760	-14
5770	-3	5770	-3	5770	-17
5780	-2	5780	-2	5780	-17
5790	-4	5790	-3	5790	-14
5800	-4	5800	-3	5800	-15
5810	-3	5810	-2	5810	-15
5820	-3	5820	-2	5820	-14
5830	-4	5830	-4	5830	-14
5840	-4	5840	-5	5840	-14
5850	-4	5850	-3	5850	-13
5860	-4	5860	-3	5860	-14
5870	-3	5870	-3	5870	-15
5880	-3	5880	-3	5880	-14
5890	-3	5890	-2	5890	-14
5900	-4	5900	-3	5900	-15
5910	-3	5910	-3	5910	-15
5920	-2	5920	-3	5920	-15
5930	-3	5930	-4	5930	-14
5940	-4	5940	-3	5940	-13
5950	-5	5950	-3	5950	-13
5960	-5	5960	-4	5960	-17
5970	-4	5970	-3	5970	-15
5980	-4	5980	-4	5980	-13
5990	-3	5990	-3	5990	-12
6000	-3	6000	-3	6000	-15
6010	-3	6010	-4	6010	-18
6020	-3	6020	-2	6020	-15
6030	-5	6030	-3	6030	-13
6040	-5	6040	-3	6040	-15
6050	-3	6050	-2	6050	-14
6060	-4	6060	0	6060	-14
6070	-4	6070	0	6070	-15
6080	-3	6080	-2	6080	-15
6090	-3	6090	-2	6090	-15
6100	-4	6100	-3	6100	-17
6110	-5	6110	-3	6110	-15
6120	-5	6120	-3	6120	-14
6130	-5	6130	-3	6130	-15
6140	-5	6140	-3	6140	-14
6150	-5	6150	-2	6150	-14
6160	-3	6160	1	6160	-14
6170	-3	6170	-2	6170	-14
6180	-3	6180	-5	6180	-15
6190	-3	6190	-3	6190	-15
6200	-4	6200	-3	6200	-15
6210	-4	6210	-4	6210	-14
6220	-4	6220	-2	6220	-14
6230	-3	6230	1	6230	-13
6240	-4	6240	-2	6240	-13
6250	-5	6250	-2	6250	-12
6260	-4	6260	-2	6260	-13
6270	-3	6270	-3	6270	-14
6280	-4	6280	-3	6280	-14
6290	-4	6290	-2	6290	-15
6300	-2	6300	0	6300	-15
6310	-3	6310	-2	6310	-14
6320	-4	6320	-2	6320	-12
6330	-3	6330	-3	6330	-14
6340	-3	6340	-3	6340	-14
6350	-3	6350	-2	6350	-14
6360	-4	6360	-3	6360	-15
6370	-4	6370	-5	6370	-15
6380	-3	6380	-3	6380	-17
6390	-3	6390	-4	6390	-17
6400	-3	6400	-4	6400	-15
6410	-2	6410	-2	6410	-14
6420	-3	6420	-2	6420	-14
6430	-5	6430	-3	6430	-14
6440	-5	6440	-4	6440	-15
6450	-4	6450	-2	6450	-15
6460	-3	6460	0	6460	-14
6470	-5	6470	-3	6470	-15
6480	-5	6480	-2	6480	-15
6490	-4	6490	-2	6490	-14
6500	-4	6500	-2	6500	-17
6510	-3	6510	-2	6510	-17
6520	-4	6520	-3	6520	-14
6530	-5	6530	-3	6530	-15
6540	-3	6540	-3	6540	-15
6550	-4	6550	-3	6550	-15
6560	-5	6560	-4	6560	-14
6570	-4	6570	-4	6570	-14
6580	-4	6580	-3	6580	-14
6590	-4	6590	1	6590	-13
6600	-5	6600	1	6600	-12
6610	-6	6610	-2	6610	-13
6620	-4	6620	-2	6620	-13
6630	-4	6630	-2	6630	-13
6640	-4	6640	-2	6640	-14
6650	-3	6650	-3	6650	-12
6660	-4	6660	-2	6660	-12
6670	-5	6670	-2	6670	-15
6680	-5	6680	-3	6680	-17
6690	-4	6690	-3	6690	-15
6700	-3	6700	-3	6700	-14
6710	-3	6710	-3	6710	-15
6720	-3	6720	-3	6720	-14
6730	-3	6730	0	6730	-13
6740	-3	6740	1	6740	-17
6750	-3	6750	1	6750	-18
6760	-4	6760	-2	6760	-14
6770	-6	6770	-4	6770	-13
6780	-5	6780	-4	6780	-14
6790	-4	6790	-4	6790	-15
6800	-6	6800	-3	6800	-14
6810	-5	6810	-2	6810	-13
6820	-3	6820	0	6820	-12
6830	-4	6830	-2	6830	-13
6840	-5	6840	-3	6840	-14
6850	-4	6850	0	6850	-15
6860	-4	6860	-3	6860	-13
6870	-4	6870	-3	6870	-14
6880	-4	6880	-2	6880	-17
6890	-4	6890	-2	6890	-15
6900	-5	6900	0	6900	-14
6910	-4	6910	-2	6910	-14
6920	-4	6920	-3	6920	-17
6930	-4	6930	-4	6930	-15
6940	-3	6940	-3	6940	-13
6950	-4	6950	-3	6950	-13
6960	-4	6960	-4	6960	-15
6970	-4	6970	-4	6970	-17
6980	-3	6980	-4	6980	-13
6990	-3	6990	-3	6990	-12
7000	-5	7000	-4	7000	-13
7010	-4	7010	-3	7010	-14
7020	-5	7020	-3	7020	-13
7030	-5	7030	-3	7030	-12
7040	-4	7040	-2	7040	-14
7050	-4	7050	0	7050	-15
7060	-3	7060	-2	7060	-13
7070	-2	7070	-5	7070	-13
7080	-4	7080	-3	7080	-12
7090	-4	7090	0	7090	-12
7100	-4	7100	-3	7100	-13
7110	-4	7110	-2	7110	-13
7120	-4	7120	0	7120	-13
7130	-4	7130	-2	7130	-13
7140	-4	7140	-3	7140	-13
7150	-3	7150	-3	7150	-15
7160	-4	7160	-3	7160	-15
7170	-5	7170	-2	7170	-14
7180	-6	7180	0	7180	-15
7190	-5	7190	-3	7190	-15
7200	-4	7200	-3	7200	-14
7210	-3	7210	0	7210	-14
7220	-2	7220	-2	7220	-14
7230	-4	7230	-2	7230	-12
7240	-3	7240	0	7240	-13
7250	-3	7250	-2	7250	-15
7260	-5	7260	-4	7260	-17
7270	-4	7270	-5	7270	-15
7280	-2	7280	-3	7280	-14
7290	-2	7290	-4	7290	-15
7300	-4	7300	-3	7300	-14
7310	-3	7310	1	7310	-13
7320	-3	7320	2	7320	-14
7330	-5	7330	1	7330	-15
7340	-4	7340	0	7340	-13
7350	-4	7350	-2	7350	-13
7360	-5	7360	0	7360	-15
7370	-4	7370	0	7370	-14
7380	-2	7380	-2	7380	-14
7390	-2	7390	-2	7390	-17
7400	-4	7400	-3	7400	-15
7410	-4	7410	-4	7410	-14
7420	-4	7420	-2	7420	-14
7430	-3	7430	1	7430	-14
7440	-3	7440	-3	7440	-13
7450	-4	7450	-4	7450	-12
7460	-5	7460	-3	7460	-15
7470	-5	7470	-2	7470	-15
7480	-4	7480	1	7480	-13
7490	-5	7490	-3	7490	-14
7500	-7	7500	-6	7500	-15
7510	-7	7510	-2	7510	-15
7520	-4	7520	1	7520	-14
7530	-3	7530	2	7530	-13
7540	-3	7540	1	7540	-14
7550	-2	7550	-2	7550	-15
7560	-3	7560	-4	7560	-14
7570	-4	7570	-3	7570	-14
7580	-3	7580	-2	7580	-14
7590	-3	7590	-4	7590	-15
7600	-4	7600	-2	7600	-17
7610	-3	7610	-2	7610	-14
7620	-2	7620	-4	7620	-14
7630	-5	7630	-5	7630	-15
7640	-5	7640	-4	7640	-14
7650	-4	7650	-3	7650	-17
7660	-4	7660	-3	7660	-15
7670	-3	7670	0	7670	-15
7680	-2	7680	-3	7680	-15
7690	-3	7690	-2	7690	-13
7700	-4	7700	1	7700	-14
7710	-4	7710	-2	7710	-17
7720	-4	7720	-3	7720	-15
7730	-3	7730	-2	7730	-15
7740	-2	7740	-2	7740	-18
7750	-3	7750	0	7750	-15
7760	-4	7760	-3	7760	-13
7770	-4	7770	-4	7770	-14
7780	-2	7780	-2	7780	-13
7790	-3	7790	-3	7790	-12
7800	-5	7800	-2	7800	-13
7810	-5	7810	0	7810	-13
7820	-5	7820	-3	7820	-13
7830	-4	7830	-3	7830	-13
7840	-5	7840	-3	7840	-14
7850	-6	7850	-2	7850	-14
7860	-5	7860	0	7860	-13
7870	-2	7870	1	7870	-14
7880	-2	7880	0	7880	-15
7890	-4	7890	-4	7890	-13
7900	-2	7900	-5	7900	-12
7910	-2	7910	-2	7910	-14
7920	-2	7920	0	7920	-17
7930	-4	7930	0	7930	-14
7940	-3	7940	0	7940	-13
7950	-2	7950	-4	7950	-14
7960	-3	7960	-5	7960	-15
7970	-4	7970	0	7970	-14
7980	-4	7980	1	7980	-12
7990	-3	7990	-2	7990	-15
8000	-3	8000	0	8000	-15
8010	-4	8010	-2	8010	-14
8020	-5	8020	-2	8020	-15
8030	-4	8030	-3	8030	-14
8040	-3	8040	-5	8040	-13
8050	-3	8050	-4	8050	-14
8060	-4	8060	-3	8060	-15
8070	-4	8070	0	8070	-14
8080	-4	8080	0	8080	-14
8090	-4	8090	-2	8090	-14
8100	-3	8100	1	8100	-14
8110	-3	8110	2	8110	-17
8120	-5	8120	-2	8120	-17
8130	-5	8130	-6	8130	-17
8140	-5	8140	-5	8140	-17
8150	-5	8150	-5	8150	-18
8160	-4	8160	-5	8160	-18
8170	-4	8170	-2	8170	-14
8180	-3	8180	-2	8180	-12
8190	-3	8190	-3	8190	-12
8200	-3	8200	-2	8200	-13
8210	-2	8210	0	8210	-12
8220	-3	8220	0	8220	-11
8230	-5	8230	1	8230	-14
8240	-4	8240	0	8240	-15
8250	-2	8250	-2	8250	-13
8260	-3	8260	-2	8260	-13
8270	-3	8270	-4	8270	-13
8280	-2	8280	-4	8280	-12
8290	-3	8290	-3	8290	-14
8300	-4	8300	-4	8300	-17
8310	-4	8310	-6	8310	-15
8320	-4	8320	-4	8320	-15
8330	-5	8330	-2	8330	-15
8340	-5	8340	0	8340	-14
8350	-4	8350	-3	8350	-17
8360	-3	8360	-3	8360	-17
8370	-3	8370	-3	8370	-15
8380	-4	8380	-3	8380	-13
8390	-4	8390	-4	8390	-14
8400	-2	8400	-5	8400	-15
8410	-3	8410	-2	8410	-15
8420	-5	8420	1	8420	-13
8430	-6	8430	-2	8430	-12
8440	-5	8440	-2	8440	-13
8450	-5	8450	0	8450	-12
8460	-5	8460	-3	8460	-13
8470	-3	8470	-3	8470	-14
8480	-3	8480	-3	8480	-13
8490	-4	8490	-4	8490	-14
8500	-4	8500	-4	8500	-15
8510	-4	8510	0	8510	-15
8520	-3	8520	-3	8520	-18
8530	-4	8530	-3	8530	-17
8540	-4	8540	-2	8540	-15
8550	-4	8550	-5	8550	-15
8560	-5	8560	-6	8560	-13
8570	-4	8570	-3	8570	-13
8580	-3	8580	1	8580	-15
8590	-4	8590	0	8590	-17
8600	-5	8600	-4	8600	-17
8610	-4	8610	-4	8610	-15
8620	-4	8620	-3	8620	-14
8630	-4	8630	-2	8630	-12
8640	-4	8640	-2	8640	-12
8650	-3	8650	-3	8650	-14
8660	-3	8660	-2	8660	-15
8670	-4	8670	-3	8670	-17
8680	-5	8680	-2	8680	-14
8690	-3	8690	0	8690	-13
8700	-3	8700	0	8700	-14
8710	-5	8710	2	8710	-12
8720	-4	8720	3	8720	-11
8730	-5	8730	0	8730	-13
8740	-5	8740	-2	8740	-14
8750	-2	8750	0	8750	-13
8760	-2	8760	0	8760	-14
8770	-3	8770	-3	8770	-14
8780	-3	8780	-3	8780	-14
8790	-4	8790	-3	8790	-17
8800	-5	8800	-4	8800	-15
8810	-5	8810	-4	8810	-15
8820	-4	8820	-4	8820	-18
8830	-4	8830	-3	8830	-13
8840	-4	8840	-3	8840	-13
8850	-3	8850	-3	8850	-17
8860	-3	8860	-2	8860	-14
8870	-3	8870	-2	8870	-14
8880	-3	8880	-2	8880	-15
8890	-5	8890	-4	8890	-15
8900	-4	8900	-3	8900	-14
8910	-3	8910	0	8910	-15
8920	-3	8920	-3	8920	-17
8930	-3	8930	-4	8930	-17
8940	-4	8940	-2	8940	-18
8950	-3	8950	-2	8950	-15
8960	-3	8960	1	8960	-13
8970	-3	8970	0	8970	-13
8980	-4	8980	-3	8980	-14
8990	-6	8990	0	8990	-15
9000	-5	9000	0	9000	-15
9010	-4	9010	-4	9010	-15
9020	-3	9020	-5	9020	-14
9030	-3	9030	-3	9030	-13
9040	-5	9040	-3	9040	-13
9050	-3	9050	-3	9050	-14
9060	-3	9060	-3	9060	-14
9070	-4	9070	-3	9070	-14
9080	-4	9080	-3	9080	-14
9090	-5	9090	-3	9090	-15
9100	-5	9100	-2	9100	-15
9110	-4	9110	-3	9110	-15
9120	-4	9120	-3	9120	-17
9130	-4	9130	-2	9130	-15
9140	-4	9140	0	9140	-13
9150	-4	9150	1	9150	-14
9160	-4	9160	0	9160	-14
9170	-4	9170	-2	9170	-14
9180	-3	9180	0	9180	-15
9190	-5	9190	-2	9190	-13
9200	-5	9200	-2	9200	-13
9210	-4	9210	1	9210	-17
9220	-4	9220	1	9220	-15
9230	-4	9230	-2	9230	-15
9240	-3	9240	-3	9240	-17
9250	-4	9250	-2	9250	-14
9260	-5	9260	0	9260	-14
9270	-4	9270	2	9270	-13
9280	-4	9280	1	9280	-14
9290	-4	9290	-3	9290	-15
9300	-3	9300	0	9300	-14
9310	-3	9310	0	9310	-13
9320	-3	9320	-2	9320	-12
9330	-4	9330	-3	9330	-15
9340	-5	9340	-4	9340	-15
9350	-4	9350	-2	9350	-13
9360	-4	9360	0	9360	-15
9370	-5	9370	-2	9370	-15
9380	-4	9380	-2	9380	-15
9390	-4	9390	0	9390	-15
9400	-4	9400	-3	9400	-14
9410	-3	9410	-3	9410	-13
9420	-3	9420	-2	9420	-14
9430	-4	9430	0	9430	-13
9440	-4	9440	1	9440	-11
9450	-5	9450	0	9450	-12
9460	-4	9460	0	9460	-13
9470	-3	9470	0	9470	-14
9480	-3	9480	-2	9480	-15
9490	-2	9490	-3	9490	-14
9500	-3	9500	-4	9500	-14
9510	-3	9510	-4	9510	-15
9520	-2	9520	-4	9520	-15
9530	-5	9530	0	9530	-13
9540	-4	9540	0	9540	-13
9550	-2	9550	-2	9550	-14
9560	-4	9560	-3	9560	-15
9570	-5	9570	-4	9570	-18
9580	-3	9580	0	9580	-15
9590	-3	9590	0	9590	-13
9600	-4	9600	-4	9600	-15
9610	-4	9610	-5	9610	-17
9620	-4	9620	-3	9620	-15
9630	-4	9630	0	9630	-13
9640	-3	9640	0	9640	-14
9650	-3	9650	-3	9650	-15
9660	-5	9660	-4	9660	-15
9670	-5	9670	-6	9670	-14
9680	-4	9680	-4	9680	-13
9690	-5	9690	-2	9690	-14
9700	-5	9700	-2	9700	-14
9710	-4	9710	-3	9710	-14
9720	-5	9720	-4	9720	-14
9730	-5	9730	-3	9730	-14
9740	-3	9740	-3	9740	-14
9750	-4	9750	-5	9750	-13
9760	-5	9760	-5	9760	-13
9770	-4	9770	-4	9770	-14
9780	-3	9780	0	9780	-15
9790	-4	9790	0	9790	-17
9800	-5	9800	-2	9800	-13
9810	-3	9810	-2	9810	-13
9820	-3	9820	-4	9820	-14
9830	-4	9830	-4	9830	-13
9840	-4	9840	-3	9840	-13
9850	-5	9850	-2	9850	-13
9860	-5	9860	-2	9860	-14
9870	-3	9870	-3	9870	-14
9880	-2	9880	-2	9880	-12
9890	-4	9890	-2	9890	-11
9900	-6	9900	-3	9900	-13
9910	-4	9910	-4	9910	-14
9920	-4	9920	-4	9920	-15
9930	-5	9930	-5	9930	-15
9940	-4	9940	-5	9940	-14
9950	-5	9950	-3	9950	-14
9960	-6	9960	-3	9960	-14
9970	-4	9970	-3	9970	-14
9980	-4	9980	-4	9980	-17
9990	-5	9990	-5	9990	-17
10000	-5	10000	-3	10000	-15
10010	-6	10010	-4	10010	-17
10020	-7	10020	-3	10020	-15
10030	-5	10030	-4	10030	-15
10040	-4	10040	-4	10040	-17
10050	-3	10050	-2	10050	-15
10060	-4	10060	0	10060	-14
10070	-5	10070	1	10070	-13
10080	-5	10080	0	10080	-13
10090	-6	10090	-3	10090	-14
10100	-5	10100	-3	10100	-14
10110	-4	10110	-3	10110	-14
10120	-4	10120	0	10120	-14
10130	-5	10130	1	10130	-15
10140	-5	10140	-2	10140	-14
10150	-5	10150	-2	10150	-13
10160	-6	10160	0	10160	-13
10170	-4	10170	-2	10170	-14
10180	-4	10180	-3	10180	-13
10190	-4	10190	-2	10190	-12
10200	-4	10200	-2	10200	-13
10210	-5	10210	-2	10210	-17
10220	-4	10220	-2	10220	-17
10230	-4	10230	-2	10230	-15
10240	-5	10240	0	10240	-14
10250	-5	10250	-3	10250	-14
10260	-4	10260	-6	10260	-13
10270	-6	10270	-5	10270	-15
10280	-5	10280	-2	10280	-15
10290	-5	10290	-3	10290	-14
10300	-4	10300	-3	10300	-14
10310	-3	10310	-2	10310	-13
10320	-3	10320	-3	10320	-13
10330	-3	10330	-3	10330	-13
10340	-3	10340	-3	10340	-15
10350	-3	10350	-3	10350	-17
10360	-4	10360	-3	10360	-17
10370	-4	10370	-4	10370	-15
10380	-3	10380	0	10380	-14
10390	-3	10390	-2	10390	-12
10400	-4	10400	-5	10400	-12
10410	-3	10410	-3	10410	-13
10420	-3	10420	-2	10420	-13
10430	-3	10430	-3	10430	-15
10440	-4	10440	-3	10440	-14
10450	-4	10450	-2	10450	-12
10460	-3	10460	-3	10460	-14
10470	-2	10470	-3	10470	-14
10480	-2	10480	-3	10480	-15
10490	-3	10490	-4	10490	-12
10500	-5	10500	-4	10500	-12
10510	-6	10510	-5	10510	-14
10520	-5	10520	-4	10520	-15
10530	-4	10530	-2	10530	-17
10540	-3	10540	-4	10540	-17
10550	-3	10550	-5	10550	-13
10560	-3	10560	-3	10560	-11
10570	-3	10570	-3	10570	-14
10580	-4	10580	-2	10580	-14
10590	-4	10590	-3	10590	-14
10600	-4	10600	-5	10600	-15
10610	-4	10610	-7	10610	-17
10620	-6	10620	-6	10620	-14
10630	-6	10630	-4	10630	-11
10640	-5	10640	-5	10640	-14
10650	-5	10650	-6	10650	-17
10660	-5	10660	-4	10660	-14
10670	-3	10670	-2	10670	-13
10680	-3	10680	-5	10680	-13
10690	-4	10690	-6	10690	-13
10700	-4	10700	-3	10700	-14
10710	-4	10710	-2	10710	-15
10720	-4	10720	1	10720	-17
10730	-3	10730	0	10730	-14
10740	-3	10740	-2	10740	-14
10750	-3	10750	-3	10750	-15
10760	-4	10760	-3	10760	-14
10770	-3	10770	-4	10770	-15
10780	-3	10780	-3	10780	-17
10790	-3	10790	-2	10790	-15
10800	-4	10800	-4	10800	-12
10810	-5	10810	-4	10810	-13
10820	-4	10820	0	10820	-17
10830	-5	10830	0	10830	-17
10840	-5	10840	0	10840	-17
10850	-4	10850	-3	10850	-15
10860	-5	10860	-6	10860	-15
10870	-5	10870	-6	10870	-15
10880	-4	10880	-5	10880	-15
10890	-3	10890	-3	10890	-15
10900	-5	10900	-4	10900	-17
10910	-5	10910	-5	10910	-18
10920	-3	10920	-3	10920	-13
10930	-2	10930	0	10930	-12
10940	-2	10940	-2	10940	-15
10950	-4	10950	-4	10950	-15
10960	-5	10960	-2	10960	-13
10970	-4	10970	-2	10970	-12
10980	-4	10980	-4	10980	-13
10990	-5	10990	0	10990	-12
11000	-4	11000	0	11000	-12
11010	-3	11010	-2	11010	-14
11020	-2	11020	0	11020	-14
11030	-3	11030	-3	11030	-13
11040	-3	11040	-3	11040	-14
11050	-4	11050	-4	11050	-17
11060	-4	11060	-4	11060	-17
11070	-3	11070	-2	11070	-14
11080	-2	11080	0	11080	-13
11090	-4	11090	0	11090	-12
11100	-4	11100	0	11100	-14
11110	-3	11110	0	11110	-17
11120	-3	11120	-4	11120	-15
11130	0	11130	-5	11130	-14
11140	0	11140	-4	11140	-14
11150	-3	11150	-2	11150	-12
11160	-4	11160	1	11160	-12
11170	-4	11170	-2	11170	-13
11180	-3	11180	-3	11180	-12
11190	-4	11190	-3	11190	-12
11200	-5	11200	-2	11200	-12
11210	-4	11210	-2	11210	-13
11220	-4	11220	-2	11220	-12
11230	-4	11230	0	11230	-12
11240	-4	11240	-2	11240	-13
11250	-4	11250	-4	11250	-13
11260	-4	11260	-4	11260	-11
11270	-6	11270	-2	11270	-13
11280	-5	11280	-2	11280	-15
11290	-3	11290	-2	11290	-13
11300	-3	11300	-2	11300	-12
11310	-4	11310	-2	11310	-13
11320	-3	11320	0	11320	-13
11330	-3	11330	0	11330	-14
11340	-6	11340	-4	11340	-15
11350	-3	11350	-3	11350	-13
11360	-2	11360	-2	11360	-13
11370	-4	11370	-3	11370	-13
11380	-3	11380	-5	11380	-13
11390	-4	11390	-3	11390	-15
11400	-4	11400	0	11400	-17
11410	-3	11410	-4	11410	-17
11420	-4	11420	-3	11420	-15
11430	-5	11430	-2	11430	-13
11440	-4	11440	-2	11440	-14
11450	-3	11450	-3	11450	-15
11460	-4	11460	-2	11460	-14
11470	-3	11470	-2	11470	-15
11480	-3	11480	-2	11480	-14
11490	-3	11490	-2	11490	-14
11500	-5	11500	0	11500	-15
11510	-4	11510	0	11510	-14
11520	-4	11520	-2	11520	-14
11530	-5	11530	-3	11530	-15
11540	-5	11540	-3	11540	-15
11550	-5	11550	0	11550	-17
11560	-4	11560	-2	11560	-17
11570	-5	11570	-4	11570	-15
11580	-4	11580	-3	11580	-13
11590	-4	11590	-3	11590	-12
11600	-5	11600	-3	11600	-13
11610	-4	11610	-3	11610	-13
11620	-3	11620	-2	11620	-13
11630	-3	11630	-2	11630	-15
11640	-3	11640	0	11640	-14
11650	-3	11650	-2	11650	-12
11660	-5	11660	-3	11660	-12
11670	-4	11670	-3	11670	-14
11680	-3	11680	-3	11680	-14
11690	-4	11690	-2	11690	-14
11700	-4	11700	-2	11700	-15
11710	-3	11710	-2	11710	-14
11720	-4	11720	0	11720	-13
11730	-6	11730	-3	11730	-14
11740	-4	11740	-3	11740	-13
11750	-2	11750	0	11750	-14
11760	-4	11760	0	11760	-15
11770	-5	11770	1	11770	-15
11780	-5	11780	0	11780	-15
11790	-4	11790	-3	11790	-15
11800	-2	11800	-2	11800	-14
11810	-5	11810	-4	11810	-14
11820	-6	11820	-5	11820	-17
11830	-6	11830	-3	11830	-15
11840	-5	11840	-3	11840	-13
11850	-4	11850	-2	11850	-13
11860	-4	11860	-2	11860	-15
11870	-3	11870	-4	11870	-15
11880	-5	11880	-4	11880	-14
11890	-5	11890	0	11890	-15
11900	-3	11900	0	11900	-15
11910	-3	11910	-3	11910	-14
11920	-3	11920	-3	11920	-15
11930	-3	11930	-3	11930	-15
11940	-4	11940	0	11940	-14
11950	-4	11950	1	11950	-12
11960	-5	11960	0	11960	-12
11970	-5	11970	-2	11970	-15
11980	-4	11980	0	11980	-13
11990	-4	11990	-2	11990	-11
12000	-5	12000	-3	12000	-14
12010	-5	12010	-3	12010	-15
12020	-4	12020	-4	12020	-14
12030	-4	12030	-2	12030	-14
12040	-4	12040	1	12040	-13
12050	-3	12050	0	12050	-12
12060	-3	12060	-2	12060	-14
12070	-5	12070	0	12070	-14
12080	-4	12080	1	12080	-12
12090	-4	12090	0	12090	-13
12100	-3	12100	-4	12100	-15
12110	-2	12110	-2	12110	-13
12120	-3	12120	0	12120	-12
12130	-4	12130	-2	12130	-15
12140	-3	12140	0	12140	-15
12150	-3	12150	0	12150	-14
12160	-3	12160	0	12160	-13
12170	-5	12170	-4	12170	-14
12180	-5	12180	-4	12180	-15
12190	-4	12190	0	12190	-14
12200	-4	12200	1	12200	-15
12210	-4	12210	-2	12210	-15
12220	-4	12220	-3	12220	-15
12230	-3	12230	0	12230	-14
12240	-4	12240	-2	12240	-14
12250	-4	12250	-4	12250	-14
12260	-3	12260	-4	12260	-14
12270	-4	12270	-4	12270	-14
12280	-6	12280	-2	12280	-14
12290	-4	12290	0	12290	-14
12300	-3	12300	0	12300	-14
12310	-5	12310	-2	12310	-13
12320	-5	12320	-3	12320	-15
12330	-4	12330	-2	12330	-15
12340	-4	12340	-2	12340	-14
12350	-4	12350	-3	12350	-15
12360	-5	12360	-5	12360	-17
12370	-3	12370	-4	12370	-15
12380	-3	12380	-2	12380	-17
12390	-5	12390	-2	12390	-15
12400	-5	12400	0	12400	-14
12410	-5	12410	1	12410	-14
12420	-4	12420	0	12420	-13
12430	-2	12430	-2	12430	-14
12440	-3	12440	-2	12440	-15
12450	-4	12450	-3	12450	-14
12460	-4	12460	-2	12460	-13
12470	-4	12470	-3	12470	-12
12480	-4	12480	-4	12480	-11
12490	-4	12490	-2	12490	-13
12500	-4	12500	-3	12500	-15
12510	-3	12510	-3	12510	-13
12520	-3	12520	-3	12520	-14
12530	-4	12530	-2	12530	-17
12540	-3	12540	-3	12540	-14
12550	-2	12550	-2	12550	-13
12560	-3	12560	0	12560	-13
12570	-4	12570	-3	12570	-13
12580	-5	12580	-4	12580	-13
12590	-5	12590	-4	12590	-12
12600	-4	12600	0	12600	-13
12610	-4	12610	-2	12610	-14
12620	-4	12620	-2	12620	-13
12630	-4	12630	1	12630	-12
12640	-3	12640	0	12640	-14
12650	-3	12650	0	12650	-14
12660	-3	12660	0	12660	-15
12670	-3	12670	0	12670	-14
12680	-4	12680	0	12680	-13
12690	-3	12690	-2	12690	-12
12700	-3	12700	-3	12700	-13
12710	-4	12710	-3	12710	-17
12720	-4	12720	0	12720	-17
12730	-4	12730	0	12730	-14
12740	-5	12740	0	12740	-13
12750	-4	12750	-2	12750	-14
12760	-3	12760	-3	12760	-14
12770	-4	12770	-2	12770	-15
12780	-5	12780	-3	12780	-15
12790	-3	12790	-3	12790	-14
12800	-3	12800	-3	12800	-13
12810	-5	12810	-2	12810	-13
12820	-4	12820	-2	12820	-14
12830	-3	12830	0	12830	-13
12840	-3	12840	0	12840	-14
12850	-3	12850	0	12850	-15
12860	-3	12860	-3	12860	-17
12870	-3	12870	-2	12870	-14
12880	-4	12880	1	12880	-12
12890	-4	12890	-2	12890	-13
12900	-4	12900	-2	12900	-14
12910	-3	12910	-2	12910	-13
12920	-2	12920	-3	12920	-13
12930	-4	12930	-2	12930	-15
12940	-5	12940	0	12940	-14
12950	-6	12950	0	12950	-14
12960	-5	12960	1	12960	-15
12970	-5	12970	0	12970	-15
12980	-4	12980	-5	12980	-17
12990	-2	12990	-5	12990	-17
13000	-3	13000	-2	13000	-13
13010	-5	13010	0	13010	-12
13020	-6	13020	-2	13020	-14
13030	-5	13030	0	13030	-15
13040	-3	13040	-2	13040	-17
13050	-3	13050	-3	13050	-15
13060	-4	13060	-5	13060	-15
13070	-4	13070	-4	13070	-15
13080	-4	13080	-2	13080	-14
13090	-5	13090	1	13090	-14
13100	-5	13100	0	13100	-14
13110	-4	13110	-6	13110	-12
13120	-3	13120	-5	13120	-11
13130	-3	13130	-2	13130	-13
13140	-3	13140	-2	13140	-15
13150	-3	13150	-2	13150	-14
13160	-3	13160	0	13160	-14
13170	-3	13170	-2	13170	-15
13180	-4	13180	-2	13180	-15
13190	-4	13190	-2	13190	-14
13200	-4	13200	-2	13200	-13
13210	-4	13210	1	13210	-14
13220	-3	13220	1	13220	-17
13230	-4	13230	1	13230	-17
13240	-4	13240	0	13240	-13
13250	-3	13250	-3	13250	-11
13260	-4	13260	0	13260	-12
13270	-4	13270	0	13270	-12
13280	-5	13280	-2	13280	-12
13290	-5	13290	-2	13290	-13
13300	-4	13300	-2	13300	-17
13310	-4	13310	0	13310	-17
13320	-3	13320	0	13320	-12
13330	-3	13330	-3	13330	-13
13340	-4	13340	-2	13340	-14
13350	-5	13350	-2	13350	-14
13360	-5	13360	-2	13360	-13
13370	-4	13370	1	13370	-13
13380	-4	13380	0	13380	-15
13390	-5	13390	-3	13390	-14
13400	-6	13400	-4	13400	-12
13410	-5	13410	-5	13410	-13
13420	-4	13420	-4	13420	-17
13430	-4	13430	0	13430	-14
13440	-3	13440	1	13440	-14
13450	-3	13450	-2	13450	-15
13460	-3	13460	-3	13460	-17
13470	-5	13470	-3	13470	-18
13480	-5	13480	-4	13480	-17
13490	-4	13490	-3	13490	-18
13500	-4	13500	0	13500	-19
13510	-4	13510	1	13510	-17
13520	-4	13520	-3	13520	-13
13530	-4	13530	-4	13530	-12
13540	-4	13540	1	13540	-15
13550	-3	13550	0	13550	-18
13560	-4	13560	-3	13560	-17
13570	-4	13570	-4	13570	-17
13580	-3	13580	-4	13580	-15
13590	-3	13590	-2	13590	-14
13600	-5	13600	-2	13600	-15
13610	-6	13610	-3	13610	-15
13620	-5	13620	-5	13620	-14
13630	-5	13630	-4	13630	-14
13640	-5	13640	-3	13640	-13
13650	-5	13650	-4	13650	-15
13660	-4	13660	-3	13660	-17
13670	-3	13670	-3	13670	-14
13680	-4	13680	0	13680	-13
13690	-4	13690	1	13690	-14
13700	-4	13700	-2	13700	-14
13710	-3	13710	-3	13710	-13
13720	0	13720	-2	13720	-12
13730	-3	13730	-4	13730	-14
13740	-5	13740	-4	13740	-14
13750	-4	13750	-2	13750	-14
13760	-4	13760	-3	13760	-15
13770	-4	13770	-2	13770	-13
13780	-3	13780	-2	13780	-14
13790	-3	13790	-3	13790	-14
13800	-4	13800	-3	13800	-14
13810	-4	13810	1	13810	-15
13820	-4	13820	-3	13820	-15
13830	-4	13830	-4	13830	-14
13840	-4	13840	-4	13840	-13
13850	-4	13850	-3	13850	-14
13860	-4	13860	-2	13860	-14
13870	-4	13870	-2	13870	-14
13880	-5	13880	-3	13880	-14
13890	-5	13890	0	13890	-15
13900	-4	13900	0	13900	-14
13910	-4	13910	-3	13910	-14
13920	-3	13920	-4	13920	-14
13930	-4	13930	-4	13930	-14
13940	-5	13940	-2	13940	-13
13950	-4	13950	-2	13950	-14
13960	-4	13960	-2	13960	-14
13970	-4	13970	1	13970	-13
13980	-4	13980	-2	13980	-14
13990	-3	13990	-3	13990	-14
14000	-3	14000	-2	14000	-15
14010	-5	14010	-2	14010	-15
14020	-4	14020	-3	14020	-15
14030	-4	14030	-2	14030	-15
14040	-5	14040	0	14040	-15
14050	-5	14050	-3	14050	-15
14060	-5	14060	-3	14060	-14
14070	-4	14070	-2	14070	-12
14080	-5	14080	-4	14080	-13
14090	-5	14090	-4	14090	-14
14100	-4	14100	0	14100	-13
14110	-5	14110	0	14110	-13
14120	-4	14120	-3	14120	-14
14130	-3	14130	1	14130	-12
14140	-4	14140	1	14140	-12
14150	-4	14150	0	14150	-13
14160	-4	14160	-2	14160	-11
14170	-4	14170	-3	14170	-13
14180	-4	14180	-3	14180	-14
14190	-4	14190	-4	14190	-13
14200	-4	14200	-2	14200	-12
14210	-3	14210	-3	14210	-13
14220	-4	14220	-2	14220	-15
14230	-4	14230	-3	14230	-14
14240	-4	14240	-4	14240	-13
14250	-3	14250	0	14250	-14
14260	-2	14260	-2	14260	-14
14270	-4	14270	-3	14270	-14
14280	-4	14280	-3	14280	-14
14290	-3	14290	-2	14290	-14
14300	-2	14300	1	14300	-15
14310	-3	14310	-2	14310	-15
14320	-5	14320	-3	14320	-14
14330	-4	14330	-2	14330	-13
14340	-3	14340	0	14340	-12
14350	-4	14350	0	14350	-12
14360	-4	14360	-4	14360	-17
14370	-4	14370	-3	14370	-19
14380	-4	14380	-3	14380	-17
14390	-4	14390	-2	14390	-15
14400	-4	14400	0	14400	-15
14410	-4	14410	-2	14410	-13
14420	-3	14420	0	14420	-12
14430	-3	14430	0	14430	-14
14440	-4	14440	0	14440	-15
14450	-5	14450	-2	14450	-15
14460	-4	14460	-2	14460	-15
14470	-4	14470	-2	14470	-14
14480	-5	14480	-3	14480	-13
14490	-4	14490	-4	14490	-15
14500	-4	14500	-3	14500	-15
14510	-4	14510	-2	14510	-12
14520	-4	14520	0	14520	-13
14530	-4	14530	-3	14530	-15
14540	-3	14540	-3	14540	-17
14550	-3	14550	-2	14550	-17
14560	-3	14560	-4	14560	-14
14570	-4	14570	-3	14570	-13
14580	-5	14580	-2	14580	-15
14590	-5	14590	-3	14590	-15
14600	-4	14600	-3	14600	-14
14610	-3	14610	-2	14610	-14
14620	-3	14620	-2	14620	-13
14630	-4	14630	-2	14630	-13
14640	-4	14640	-2	14640	-15
14650	-4	14650	1	14650	-14
14660	-4	14660	0	14660	-13
14670	-3	14670	-4	14670	-14
14680	-3	14680	-3	14680	-14
14690	-3	14690	1	14690	-12
14700	-3	14700	-2	14700	-14
14710	-4	14710	-4	14710	-18
14720	-4	14720	-3	14720	-15
14730	-5	14730	-3	14730	-14
14740	-5	14740	-2	14740	-17
14750	-3	14750	0	14750	-15
14760	-4	14760	1	14760	-17
14770	-4	14770	0	14770	-17
14780	-4	14780	-4	14780	-17
14790	-4	14790	-4	14790	-17
14800	-3	14800	-2	14800	-17
14810	-3	14810	-4	14810	-17
14820	-4	14820	-3	14820	-15
14830	-4	14830	-3	14830	-17
14840	-4	14840	-2	14840	-15
14850	-5	14850	-4	14850	-15
14860	-5	14860	-4	14860	-13
14870	-3	14870	0	14870	-12
14880	-3	14880	-2	14880	-13
14890	-5	14890	-3	14890	-13
14900	-5	14900	-2	14900	-13
14910	-5	14910	-3	14910	-13
14920	-5	14920	-3	14920	-15
14930	-4	14930	-2	14930	-14
14940	-4	14940	-5	14940	-14
14950	-4	14950	-4	14950	-13
14960	-4	14960	-3	14960	-12
14970	-4	14970	-4	14970	-14
14980	-3	14980	-3	14980	-15
14990	-4	14990	-2	14990	-15
15000	-5	15000	0	15000	-17
15010	-5	15010	-3	15010	-18
15020	-3	15020	-4	15020	-18
15030	-3	15030	-3	15030	-17
15040	-3	15040	-3	15040	-14
15050	-3	15050	-2	15050	-14
15060	-4	15060	-2	15060	-14
15070	-5	15070	0	15070	-17
15080	-6	15080	0	15080	-17
15090	-5	15090	-2	15090	-17
15100	-4	15100	-3	15100	-17
15110	-4	15110	-3	15110	-14
15120	-4	15120	0	15120	-13
15130	-4	15130	-3	15130	-15
15140	-5	15140	-3	15140	-15
15150	-5	15150	0	15150	-14
15160	-5	15160	-2	15160	-17
15170	-5	15170	0	15170	-15
15180	-5	15180	-2	15180	-15
15190	-4	15190	-3	15190	-15
15200	-3	15200	0	15200	-13
15210	-2	15210	-2	15210	-13
15220	-5	15220	-4	15220	-14
15230	-6	15230	-4	15230	-14
15240	-4	15240	-4	15240	-14
15250	-3	15250	0	15250	-12
15260	-4	15260	2	15260	-12
15270	-4	15270	0	15270	-13
15280	-4	15280	-3	15280	-14
15290	-4	15290	-2	15290	-14
15300	-4	15300	-3	15300	-14
15310	-4	15310	-3	15310	-13
15320	-4	15320	-2	15320	-13
15330	-3	15330	1	15330	-13
15340	-4	15340	0	15340	-14
15350	-4	15350	0	15350	-13
15360	-5	15360	-2	15360	-13
15370	-5	15370	-2	15370	-14
15380	-5	15380	-2	15380	-14
15390	-4	15390	-2	15390	-12
15400	-4	15400	-3	15400	-11
15410	-3	15410	-3	15410	-13
15420	-4	15420	-4	15420	-13
15430	-4	15430	-4	15430	-11
15440	-4	15440	-3	15440	-12
15450	-3	15450	-3	15450	-13
15460	-2	15460	0	15460	-12
15470	-3	15470	1	15470	-12
15480	-5	15480	-2	15480	-12
15490	-4	15490	-3	15490	-13
15500	-5	15500	-4	15500	-14
15510	-5	15510	-3	15510	-15
15520	-4	15520	-2	15520	-14
15530	-4	15530	-3	15530	-13
15540	-4	15540	-3	15540	-13
15550	-4	15550	-4	15550	-14
15560	-4	15560	-5	15560	-14
15570	-4	15570	-3	15570	-14
15580	-3	15580	-2	15580	-15
15590	-3	15590	0	15590	-14
15600	-4	15600	-4	15600	-13
15610	-3	15610	-4	15610	-14
15620	-2	15620	-2	15620	-14
15630	-3	15630	-3	15630	-14
15640	-4	15640	-4	15640	-15
15650	-3	15650	-5	15650	-15
15660	-3	15660	-4	15660	-15
15670	-3	15670	0	15670	-14
15680	-3	15680	1	15680	-13
15690	-4	15690	-3	15690	-13
15700	-5	15700	-4	15700	-12
15710	-5	15710	-3	15710	-12
15720	-5	15720	-3	15720	-13
15730	-4	15730	-3	15730	-14
15740	-2	15740	-3	15740	-17
15750	-3	15750	-3	15750	-15
15760	-3	15760	-2	15760	-14
15770	-4	15770	-2	15770	-14
15780	-4	15780	-3	15780	-14
15790	-3	15790	-2	15790	-12
15800	-3	15800	0	15800	-14
15810	-4	15810	0	15810	-15
15820	-4	15820	1	15820	-14
15830	-3	15830	1	15830	-13
15840	-3	15840	0	15840	-14
15850	-3	15850	-3	15850	-15
15860	-4	15860	-3	15860	-14
15870	-6	15870	-3	15870	-13
15880	-4	15880	-4	15880	-13
15890	-3	15890	-5	15890	-13
15900	-3	15900	-4	15900	-13
15910	-3	15910	0	15910	-13
15920	-4	15920	-2	15920	-14
15930	-4	15930	-3	15930	-14
15940	-4	15940	-2	15940	-14
15950	-5	15950	-2	15950	-13
15960	-4	15960	-2	15960	-13
15970	-3	15970	-3	15970	-12
15980	-3	15980	-2	15980	-13
15990	-4	15990	0	15990	-13
16000	-4	16000	-2	16000	-12
16010	-4	16010	-4	16010	-14
16020	-3	16020	-3	16020	-14
16030	-3	16030	0	16030	-15
16040	-4	16040	0	16040	-15
16050	-3	16050	0	16050	-13
16060	-3	16060	0	16060	-14
16070	-5	16070	-2	16070	-15
16080	-4	16080	-2	16080	-14
16090	-3	16090	-4	16090	-13
16100	-4	16100	-4	16100	-14
16110	-4	16110	-3	16110	-15
16120	-3	16120	-5	16120	-17
16130	-3	16130	-5	16130	-15
16140	-3	16140	-4	16140	-14
16150	-3	16150	-2	16150	-12
16160	-4	16160	-2	16160	-11
16170	-5	16170	-2	16170	-12
16180	-5	16180	1	16180	-12
16190	-3	16190	-2	16190	-12
16200	-3	16200	-5	16200	-14
16210	-4	16210	-4	16210	-15
16220	-4	16220	-2	16220	-14
16230	-4	16230	-2	16230	-15
16240	-5	16240	0	16240	-14
16250	-4	16250	1	16250	-13
16260	-4	16260	-2	16260	-13
16270	-5	16270	-3	16270	-15
16280	-5	16280	0	16280	-15
16290	-4	16290	1	16290	-14
16300	-4	16300	0	16300	-15
16310	-5	16310	-2	16310	-17
16320	-4	16320	-4	16320	-17
16330	-3	16330	-5	16330	-17
16340	-4	16340	-3	16340	-14
16350	-4	16350	0	16350	-12
16360	-3	16360	0	16360	-14
16370	-4	16370	0	16370	-14
16380	-5	16380	0	16380	-14
16390	-5	16390	-3	16390	-15
16400	-5	16400	-3	16400	-14
16410	-4	16410	-2	16410	-13
16420	-4	16420	1	16420	-13
16430	-4	16430	1	16430	-15
16440	-4	16440	0	16440	-18
16450	-3	16450	-2	16450	-15
16460	-4	16460	-3	16460	-14
16470	-4	16470	-5	16470	-14
16480	-5	16480	-4	16480	-15
16490	-6	16490	-2	16490	-15
16500	-5	16500	-3	16500	-13
16510	-5	16510	-3	16510	-15
16520	-5	16520	-3	16520	-18
16530	-4	16530	-3	16530	-18
16540	-3	16540	-2	16540	-17
16550	-3	16550	-2	16550	-15
16560	-4	16560	-2	16560	-17
16570	-4	16570	0	16570	-15
16580	-5	16580	0	16580	-14
16590	-4	16590	1	16590	-13
16600	-4	16600	1	16600	-14
16610	-5	16610	0	16610	-14
16620	-5	16620	-2	16620	-15
16630	-5	16630	-2	16630	-17
16640	-4	16640	-2	16640	-12
16650	-3	16650	-2	16650	-12
16660	-5	16660	-2	16660	-14
16670	-6	16670	-4	16670	-15
16680	-6	16680	-5	16680	-17
16690	-4	16690	-3	16690	-15
16700	-3	16700	0	16700	-14
16710	-3	16710	-2	16710	-14
16720	-3	16720	-4	16720	-14
16730	-4	16730	-5	16730	-15
16740	-5	16740	-3	16740	-15
16750	-4	16750	-2	16750	-17
16760	-3	16760	-3	16760	-17
16770	-4	16770	-3	16770	-15
16780	-4	16780	-2	16780	-15
16790	-3	16790	-2	16790	-15
16800	-4	16800	-2	16800	-14
16810	-4	16810	-2	16810	-15
16820	-3	16820	-3	16820	-13
16830	-2	16830	-4	16830	-12
16840	-3	16840	-4	16840	-13
16850	-4	16850	-5	16850	-12
16860	-3	16860	-3	16860	-13
16870	-3	16870	-2	16870	-15
16880	-4	16880	-4	16880	-17
16890	-3	16890	-3	16890	-15
16900	-3	16900	-2	16900	-13
16910	-4	16910	-2	16910	-14
16920	-4	16920	-3	16920	-15
16930	-3	16930	-3	16930	-17
16940	-3	16940	-3	16940	-18
16950	-5	16950	-3	16950	-15
16960	-5	16960	-4	16960	-14
16970	-5	16970	-5	16970	-17
16980	-4	16980	-4	16980	-15
16990	-4	16990	-3	16990	-14
17000	-4	17000	-5	17000	-14
17010	-5	17010	-5	17010	-14
17020	-5	17020	-5	17020	-14
17030	-4	17030	-3	17030	-14
17040	-4	17040	0	17040	-14
17050	-5	17050	0	17050	-14
17060	-3	17060	0	17060	-14
17070	-3	17070	-3	17070	-13
17080	-5	17080	-4	17080	-14
17090	-5	17090	-5	17090	-15
17100	-4	17100	-5	17100	-17
17110	-4	17110	-4	17110	-14
17120	-3	17120	-2	17120	-13
17130	-4	17130	-2	17130	-15
17140	-5	17140	-2	17140	-13
17150	-4	17150	-2	17150	-11
17160	-3	17160	-4	17160	-12
17170	-4	17170	-4	17170	-14
17180	-4	17180	-4	17180	-15
17190	-4	17190	-3	17190	-15
17200	-5	17200	-3	17200	-14
17210	-5	17210	-3	17210	-13
17220	-4	17220	-3	17220	-11
17230	-4	17230	-6	17230	-11
17240	-4	17240	-7	17240	-13
17250	-3	17250	-4	17250	-14
17260	-3	17260	-2	17260	-13
17270	-3	17270	0	17270	-14
17280	-4	17280	1	17280	-15
17290	-4	17290	0	17290	-13
17300	-4	17300	-3	17300	-13
17310	-4	17310	-5	17310	-14
17320	-5	17320	-6	17320	-17
17330	-5	17330	-6	17330	-17
17340	-3	17340	-4	17340	-15
17350	-3	17350	-3	17350	-14
17360	-5	17360	-4	17360	-13
17370	-7	17370	-4	17370	-14
17380	-5	17380	-2	17380	-13
17390	-3	17390	-5	17390	-13
17400	-3	17400	-3	17400	-14
17410	-3	17410	0	17410	-14
17420	-3	17420	-4	17420	-14
17430	-4	17430	-4	17430	-14
17440	-4	17440	-4	17440	-13
17450	-5	17450	-2	17450	-13
17460	-5	17460	-2	17460	-13
17470	-4	17470	-3	17470	-13
17480	-3	17480	0	17480	-12
17490	-3	17490	0	17490	-12
17500	-3	17500	-4	17500	-14
17510	-3	17510	-3	17510	-13
17520	-3	17520	-2	17520	-12
17530	-2	17530	-2	17530	-14
17540	-4	17540	1	17540	-18
17550	-4	17550	1	17550	-17
17560	-4	17560	-3	17560	-13
17570	-5	17570	-5	17570	-13
17580	-5	17580	-4	17580	-17
17590	-5	17590	-2	17590	-15
17600	-3	17600	-4	17600	-14
17610	-2	17610	-4	17610	-13
17620	-3	17620	-2	17620	-13
17630	-3	17630	-3	17630	-13
17640	-3	17640	-3	17640	-14
17650	-3	17650	0	17650	-13
17660	-2	17660	-2	17660	-11
17670	-3	17670	-2	17670	-12
17680	-4	17680	-4	17680	-13
17690	-5	17690	-4	17690	-13
17700	-7	17700	-2	17700	-13
17710	-6	17710	-4	17710	-14
17720	-5	17720	-3	17720	-15
17730	-4	17730	0	17730	-14
17740	-3	17740	0	17740	-15
17750	-4	17750	0	17750	-15
17760	-3	17760	0	17760	-13
17770	-4	17770	-3	17770	-14
17780	-5	17780	-3	17780	-14
17790	-4	17790	0	17790	-12
17800	-4	17800	0	17800	-14
17810	-3	17810	0	17810	-18
17820	-3	17820	0	17820	-18
17830	-4	17830	-4	17830	-15
17840	-3	17840	-4	17840	-14
17850	-3	17850	-3	17850	-17
17860	-4	17860	0	17860	-15
17870	-2	17870	1	17870	-13
17880	-2	17880	-2	17880	-15
17890	-4	17890	-3	17890	-17
17900	-5	17900	-4	17900	-15
17910	-4	17910	-4	17910	-14
17920	-4	17920	-2	17920	-14
17930	-4	17930	-4	17930	-17
17940	-5	17940	-3	17940	-17
17950	-4	17950	1	17950	-17
17960	-3	17960	1	17960	-14
17970	-5	17970	-3	17970	-12
17980	-5	17980	-4	17980	-13
17990	-5	17990	-3	17990	-12
18000	-5	18000	0	18000	-10
18010	-4	18010	0	18010	-11
18020	-4	18020	-3	18020	-13
18030	-5	18030	-3	18030	-15
18040	-6	18040	-3	18040	-14
18050	-4	18050	-2	18050	-14
18060	-2	18060	0	18060	-15
18070	0	18070	0	18070	-14
18080	-2	18080	0	18080	-15
18090	-5	18090	0	18090	-15
18100	-5	18100	-3	18100	-14
18110	-4	18110	-2	18110	-15
18120	-5	18120	1	18120	-15
18130	-4	18130	-2	18130	-17
18140	-3	18140	-2	18140	-15
18150	-5	18150	-3	18150	-13
18160	-4	18160	-3	18160	-15
18170	-5	18170	-4	18170	-15
18180	-5	18180	-3	18180	-13
18190	-4	18190	0	18190	-13
18200	-5	18200	1	18200	-14
18210	-3	18210	1	18210	-14
18220	-3	18220	0	18220	-14
18230	-4	18230	-2	18230	-15
18240	-4	18240	0	18240	-17
18250	-3	18250	1	18250	-15
18260	-4	18260	0	18260	-14
18270	-5	18270	-2	18270	-15
18280	-4	18280	-3	18280	-14
18290	-4	18290	-4	18290	-13
18300	-5	18300	-3	18300	-15
18310	-5	18310	-6	18310	-18
18320	-3	18320	-5	18320	-14
18330	-3	18330	-3	18330	-14
18340	-4	18340	-3	18340	-13
18350	-4	18350	0	18350	-13
18360	-4	18360	-3	18360	-15
18370	-4	18370	-2	18370	-14
18380	-4	18380	0	18380	-14
18390	-5	18390	0	18390	-15
18400	-4	18400	-2	18400	-17
18410	-3	18410	-4	18410	-15
18420	-4	18420	-3	18420	-14
18430	-3	18430	-2	18430	-13
18440	-3	18440	-3	18440	-14
18450	-4	18450	-3	18450	-17
18460	-3	18460	0	18460	-17
18470	-3	18470	-3	18470	-15
18480	-4	18480	-5	18480	-17
18490	-4	18490	-3	18490	-14
18500	-4	18500	0	18500	-13
18510	-4	18510	-2	18510	-17
18520	-3	18520	-3	18520	-15
18530	-2	18530	-2	18530	-13
18540	-4	18540	-2	18540	-15
18550	-5	18550	-2	18550	-17
18560	-4	18560	0	18560	-12
18570	-3	18570	-3	18570	-13
18580	-4	18580	-2	18580	-15
18590	-5	18590	1	18590	-14
18600	-3	18600	-3	18600	-13
18610	-4	18610	-4	18610	-13
18620	-5	18620	1	18620	-12
18630	-4	18630	0	18630	-13
18640	-3	18640	-3	18640	-15
18650	0	18650	-3	18650	-13
18660	-2	18660	0	18660	-13
18670	-4	18670	0	18670	-14
18680	-5	18680	-4	18680	-17
18690	-3	18690	-5	18690	-15
18700	-2	18700	-3	18700	-12
18710	-4	18710	-2	18710	-12
18720	-3	18720	0	18720	-13
18730	-4	18730	0	18730	-14
18740	-3	18740	-2	18740	-15
18750	-3	18750	-2	18750	-15
18760	-4	18760	-3	18760	-12
18770	-4	18770	-5	18770	-12
18780	-4	18780	-5	18780	-14
18790	-5	18790	-3	18790	-14
18800	-4	18800	-2	18800	-13
18810	-3	18810	-4	18810	-15
18820	-3	18820	-4	18820	-15
18830	-5	18830	-4	18830	-13
18840	-5	18840	-3	18840	-14
18850	-4	18850	0	18850	-14
18860	-3	18860	-2	18860	-15
18870	-2	18870	-2	18870	-14
18880	-4	18880	0	18880	-14
18890	-5	18890	-2	18890	-15
18900	-5	18900	-4	18900	-15
18910	-5	18910	-3	18910	-14
18920	-4	18920	-2	18920	-13
18930	-3	18930	-3	18930	-11
18940	-4	18940	-3	18940	-13
18950	-4	18950	1	18950	-14
18960	-4	18960	1	18960	-13
18970	-4	18970	-2	18970	-14
18980	-3	18980	0	18980	-14
18990	-2	18990	1	18990	-13
19000	-3	19000	1	19000	-13
19010	-4	19010	1	19010	-14
19020	-4	19020	0	19020	-15
19030	-3	19030	-4	19030	-14
19040	-4	19040	-4	19040	-13
19050	-3	19050	-2	19050	-14
19060	-3	19060	-2	19060	-14
19070	-4	19070	-2	19070	-14
19080	-3	19080	-2	19080	-12
19090	-4	19090	-2	19090	-12
19100	-5	19100	-2	19100	-15
19110	-5	19110	-4	19110	-17
19120	-4	19120	-2	19120	-15
19130	-4	19130	0	19130	-17
19140	-5	19140	-2	19140	-17
19150	-5	19150	-2	19150	-15
19160	-4	19160	-4	19160	-15
19170	-4	19170	-6	19170	-15
19180	-4	19180	-5	19180	-14
19190	-3	19190	-4	19190	-15
19200	-4	19200	-4	19200	-14
19210	-5	19210	-4	19210	-14
19220	-5	19220	-3	19220	-14
19230	-4	19230	-2	19230	-13
19240	-2	19240	-2	19240	-14
19250	-4	19250	-3	19250	-15
19260	-5	19260	-3	19260	-15
19270	-5	19270	-2	19270	-17
19280	-4	19280	-2	19280	-15
19290	-3	19290	-2	19290	-15
19300	-5	19300	-3	19300	-13
19310	-5	19310	-2	19310	-12
19320	-3	19320	0	19320	-13
19330	-3	19330	-2	19330	-13
19340	-5	19340	-3	19340	-15
19350	-5	19350	-2	19350	-15
19360	-5	19360	0	19360	-13
19370	-5	19370	-2	19370	-14
19380	-4	19380	-5	19380	-15
19390	-3	19390	-4	19390	-13
19400	-4	19400	-4	19400	-12
19410	-6	19410	-4	19410	-12
19420	-5	19420	-3	19420	-13
19430	-4	19430	-2	19430	-14
19440	-3	19440	-2	19440	-15
19450	-4	19450	-3	19450	-17
19460	-6	19460	-3	19460	-17
19470	-4	19470	-2	19470	-15
19480	-4	19480	-4	19480	-15
19490	-5	19490	-4	19490	-15
19500	-5	19500	0	19500	-14
19510	-5	19510	-4	19510	-13
19520	-5	19520	-3	19520	-13
19530	-5	19530	0	19530	-14
19540	-5	19540	-2	19540	-15
19550	-5	19550	-2	19550	-15
19560	-5	19560	0	19560	-14
19570	-4	19570	2	19570	-13
19580	-3	19580	1	19580	-14
19590	-3	19590	-2	19590	-14
19600	-3	19600	-2	19600	-12
19610	-4	19610	-3	19610	-13
19620	-4	19620	-2	19620	-13
19630	-2	19630	0	19630	-12
19640	0	19640	-4	19640	-12
19650	-3	19650	-5	19650	-12
19660	-4	19660	-4	19660	-13
19670	-4	19670	-2	19670	-14
19680	-5	19680	0	19680	-13
19690	-4	19690	-2	19690	-13
19700	-3	19700	-2	19700	-14
19710	-4	19710	0	19710	-13
19720	-4	19720	0	19720	-12
19730	-4	19730	0	19730	-11
19740	-5	19740	2	19740	-12
19750	-5	19750	0	19750	-11
19760	-2	19760	-2	19760	-11
19770	1	19770	-2	19770	-13
19780	0	19780	-3	19780	-13
19790	-2	19790	-2	19790	-13
19800	-4	19800	0	19800	-12
19810	-5	19810	-2	19810	-12
19820	-4	19820	-2	19820	-11
19830	-4	19830	1	19830	-11
19840	-5	19840	0	19840	-15
19850	-5	19850	-2	19850	-17
19860	-3	19860	-2	19860	-13
19870	-3	19870	0	19870	-11
19880	-4	19880	0	19880	-13
19890	-3	19890	-3	19890	-13
19900	-3	19900	0	19900	-14
19910	-4	19910	0	19910	-13
19920	-3	19920	-4	19920	-14
19930	-3	19930	-2	19930	-14
19940	-4	19940	0	19940	-13
19950	-2	19950	-4	19950	-13
19960	-2	19960	-3	19960	-13
19970	-4	19970	-3	19970	-14
19980	-5	19980	-4	19980	-15
19990	-4	19990	-3	19990	-14
20000	-4	20000	-3	20000	-11
20010	-3	20010	-2	20010	-12
20020	-3	20020	-2	20020	-14
20030	-3	20030	-2	20030	-14
20040	-5	20040	-2	20040	-14
20050	-4	20050	-2	20050	-14
20060	-4	20060	-4	20060	-13
20070	-5	20070	-3	20070	-14
20080	-4	20080	1	20080	-14
20090	-4	20090	0	20090	-13
20100	-4	20100	-4	20100	-13
20110	-3	20110	-4	20110	-12
20120	-2	20120	-2	20120	-13
20130	-3	20130	-4	20130	-14
20140	-4	20140	-5	20140	-14
20150	-4	20150	-3	20150	-15
20160	-4	20160	0	20160	-17
20170	-3	20170	1	20170	-17
20180	-4	20180	0	20180	-15
20190	-4	20190	-3	20190	-15
20200	-4	20200	-3	20200	-13
20210	-5	20210	-3	20210	-12
20220	-4	20220	0	20220	-12
20230	-4	20230	0	20230	-13
20240	-4	20240	0	20240	-14
20250	-3	20250	0	20250	-14
20260	-4	20260	-2	20260	-14
20270	-5	20270	-3	20270	-13
20280	-4	20280	-4	20280	-14
20290	-3	20290	-3	20290	-14
20300	-3	20300	-3	20300	-13
20310	-4	20310	-3	20310	-15
20320	-3	20320	0	20320	-13
20330	-2	20330	1	20330	-12
20340	-3	20340	0	20340	-13
20350	-2	20350	0	20350	-14
20360	-3	20360	1	20360	-14
20370	-5	20370	1	20370	-13
20380	-4	20380	1	20380	-11
20390	-3	20390	1	20390	-13
20400	-3	20400	1	20400	-17
20410	-4	20410	-2	20410	-15
20420	-5	20420	-3	20420	-14
20430	-4	20430	-3	20430	-14
20440	-3	20440	0	20440	-14
20450	-4	20450	0	20450	-14
20460	-4	20460	-3	20460	-14
20470	-3	20470	-3	20470	-14
20480	-4	20480	-2	20480	-13
20490	-3	20490	0	20490	-12
20500	-2	20500	-2	20500	-14
20510	-4	20510	-3	20510	-15
20520	-5	20520	-3	20520	-15
20530	-5	20530	-4	20530	-14
20540	-4	20540	-3	20540	-13
20550	-3	20550	-3	20550	-12
20560	-4	20560	-4	20560	-12
20570	-4	20570	-2	20570	-14
20580	-4	20580	-2	20580	-15
20590	-5	20590	-2	20590	-15
20600	-5	20600	1	20600	-15
20610	-3	20610	-2	20610	-14
20620	-2	20620	-3	20620	-12
20630	-3	20630	-2	20630	-14
20640	-5	20640	-4	20640	-17
20650	-6	20650	-2	20650	-14
20660	-5	20660	0	20660	-12
20670	-4	20670	-2	20670	-13
20680	-3	20680	-3	20680	-14
20690	-2	20690	-3	20690	-15
20700	-2	20700	0	20700	-14
20710	-3	20710	1	20710	-14
20720	-4	20720	0	20720	-14
20730	-4	20730	-5	20730	-15
20740	-4	20740	-5	20740	-15
20750	-4	20750	-2	20750	-15
20760	-4	20760	-2	20760	-15
20770	-4	20770	-2	20770	-14
20780	-6	20780	-3	20780	-14
20790	-7	20790	-2	20790	-15
20800	-5	20800	0	20800	-14
20810	-2	20810	-2	20810	-12
20820	-2	20820	-3	20820	-13
20830	-3	20830	-3	20830	-13
20840	-4	20840	0	20840	-13
20850	-2	20850	0	20850	-13
20860	0	20860	0	20860	-14
20870	-4	20870	-3	20870	-15
20880	-3	20880	-4	20880	-15
20890	-4	20890	-4	20890	-15
20900	-4	20900	-3	20900	-15
20910	-5	20910	0	20910	-15
20920	-5	20920	-3	20920	-15
20930	-5	20930	-5	20930	-17
20940	-4	20940	0	20940	-15
20950	-3	20950	0	20950	-14
20960	-3	20960	-3	20960	-15
20970	-4	20970	-3	20970	-14
20980	-4	20980	-2	20980	-14
20990	-4	20990	-2	20990	-14
21000	-5	21000	-2	21000	-14
21010	-4	21010	-2	21010	-14
21020	-3	21020	-2	21020	-14
21030	-4	21030	-2	21030	-14
21040	-3	21040	-2	21040	-15
21050	-3	21050	1	21050	-14
21060	-3	21060	0	21060	-15
21070	-2	21070	0	21070	-17
21080	-3	21080	1	21080	-15
21090	-5	21090	-3	21090	-14
21100	-4	21100	-6	21100	-14
21110	-4	21110	-5	21110	-17
21120	-4	21120	-3	21120	-17
21130	-4	21130	0	21130	-15
21140	-4	21140	-2	21140	-15
21150	-4	21150	-4	21150	-15
21160	-3	21160	-3	21160	-17
21170	-2	21170	-2	21170	-15
21180	-3	21180	-4	21180	-14
21190	-4	21190	-3	21190	-14
21200	-5	21200	-3	21200	-15
21210	-5	21210	-2	21210	-15
21220	-4	21220	0	21220	-14
21230	-4	21230	-3	21230	-12
21240	-3	21240	-2	21240	-14
21250	-3	21250	-2	21250	-14
21260	-5	21260	-3	21260	-14
21270	-5	21270	-3	21270	-17
21280	-4	21280	-3	21280	-18
21290	-4	21290	-4	21290	-14
21300	-4	21300	-2	21300	-12
21310	-5	21310	1	21310	-14
21320	-4	21320	1	21320	-14
21330	-4	21330	-2	21330	-14
21340	-5	21340	-4	21340	-17
21350	-4	21350	-3	21350	-15
21360	-4	21360	-3	21360	-15
21370	-4	21370	-2	21370	-14
21380	-4	21380	-2	21380	-14
21390	-2	21390	1	21390	-14
21400	-3	21400	0	21400	-15
21410	-5	21410	-5	21410	-17
21420	-4	21420	-4	21420	-15
21430	-4	21430	-2	21430	-13
21440	-3	21440	-3	21440	-14
21450	-4	21450	-2	21450	-15
21460	-4	21460	-3	21460	-15
21470	-4	21470	-3	21470	-15
21480	-4	21480	-2	21480	-15
21490	-4	21490	-3	21490	-14
21500	-3	21500	-4	21500	-14
21510	-4	21510	-3	21510	-15
21520	-5	21520	-2	21520	-15
21530	-5	21530	-2	21530	-12
21540	-5	21540	-2	21540	-11
21550	-5	21550	0	21550	-13
21560	-7	21560	0	21560	-14
21570	-6	21570	-2	21570	-14
21580	-4	21580	0	21580	-14
21590	-4	21590	1	21590	-14
21600	-5	21600	-2	21600	-13
21610	-4	21610	-4	21610	-12
21620	-4	21620	-3	21620	-13
21630	-4	21630	-4	21630	-15
21640	-4	21640	-3	21640	-17
21650	-2	21650	-2	21650	-13
21660	-2	21660	-2	21660	-13
21670	-5	21670	-2	21670	-17
21680	-5	21680	-4	21680	-15
21690	-4	21690	-3	21690	-14
21700	-3	21700	-2	21700	-14
21710	0	21710	-2	21710	-14
21720	-2	21720	0	21720	-13
21730	-4	21730	-4	21730	-15
21740	-5	21740	-3	21740	-17
21750	-5	21750	-2	21750	-14
21760	-4	21760	0	21760	-14
21770	-4	21770	-3	21770	-14
21780	-4	21780	-5	21780	-15
21790	-4	21790	-5	21790	-14
21800	-4	21800	-4	21800	-14
21810	-4	21810	-2	21810	-14
21820	-4	21820	-3	21820	-17
21830	-4	21830	-4	21830	-17
21840	-5	21840	-2	21840	-14
21850	-5	21850	0	21850	-14
21860	-4	21860	-2	21860	-14
21870	-3	21870	-3	21870	-13
21880	-4	21880	-4	21880	-13
21890	-5	21890	-2	21890	-13
21900	-4	21900	-2	21900	-12
21910	-4	21910	-2	21910	-13
21920	-5	21920	-2	21920	-12
21930	-5	21930	-3	21930	-12
21940	-4	21940	-2	21940	-14
21950	-4	21950	-2	21950	-14
21960	-5	21960	-4	21960	-11
21970	-5	21970	-3	21970	-12
21980	-5	21980	-2	21980	-13
21990	-6	21990	-3	21990	-12
22000	-5	22000	-4	22000	-15
22010	-4	22010	-3	22010	-14
22020	-5	22020	0	22020	-12
22030	-7	22030	-2	22030	-14
22040	-6	22040	-3	22040	-14
22050	-4	22050	0	22050	-13
22060	-2	22060	2	22060	-13
22070	-3	22070	-2	22070	-14
22080	-4	22080	-4	22080	-15
22090	-4	22090	0	22090	-17
22100	-3	22100	-2	22100	-15
22110	-3	22110	-2	22110	-14
22120	-6	22120	-4	22120	-15
22130	-6	22130	-6	22130	-18
22140	-5	22140	-4	22140	-17
22150	-5	22150	-4	22150	-15
22160	-4	22160	-4	22160	-17
22170	-5	22170	-5	22170	-15
22180	-5	22180	-5	22180	-14
22190	-4	22190	-5	22190	-15
22200	-4	22200	-3	22200	-15
22210	-4	22210	-2	22210	-13
22220	-4	22220	-3	22220	-13
22230	-4	22230	-4	22230	-15
22240	-4	22240	-3	22240	-15
22250	-4	22250	-2	22250	-15
22260	-4	22260	-2	22260	-15
22270	-4	22270	-2	22270	-13
22280	-3	22280	-2	22280	-13
22290	-6	22290	-4	22290	-14
22300	-6	22300	-5	22300	-13
22310	-5	22310	-2	22310	-14
22320	-4	22320	-3	22320	-14
22330	-4	22330	-4	22330	-14
22340	-4	22340	-2	22340	-13
22350	-4	22350	0	22350	-14
22360	-4	22360	0	22360	-15
22370	-5	22370	-3	22370	-15
22380	-4	22380	-3	22380	-17
22390	-3	22390	-3	22390	-14
22400	-4	22400	-4	22400	-13
22410	-4	22410	0	22410	-15
22420	-4	22420	1	22420	-17
22430	-5	22430	-3	22430	-15
22440	-4	22440	-4	22440	-15
22450	-5	22450	-2	22450	-17
22460	-6	22460	-2	22460	-18
22470	-5	22470	-2	22470	-18
22480	-5	22480	0	22480	-14
22490	-7	22490	-3	22490	-14
22500	-5	22500	-5	22500	-14
22510	-3	22510	-5	22510	-13
22520	-3	22520	-2	22520	-15
22530	-4	22530	0	22530	-14
22540	-4	22540	-3	22540	-12
22550	-3	22550	-3	22550	-14
22560	-4	22560	0	22560	-14
22570	-5	22570	0	22570	-14
22580	-5	22580	-2	22580	-17
22590	-4	22590	-2	22590	-15
22600	-4	22600	-3	22600	-15
22610	-5	22610	-4	22610	-17
22620	-6	22620	-2	22620	-18
22630	-6	22630	0	22630	-19
22640	-4	22640	0	22640	-17
22650	-3	22650	-5	22650	-15
22660	-4	22660	-5	22660	-17
22670	-5	22670	-3	22670	-17
22680	-4	22680	-3	22680	-15
22690	-4	22690	-2	22690	-13
22700	-5	22700	-4	22700	-14
22710	-5	22710	-5	22710	-14
22720	-5	22720	-4	22720	-13
22730	-6	22730	-4	22730	-14
22740	-6	22740	-2	22740	-15
22750	-5	22750	-2	22750	-15
22760	-4	22760	-3	22760	-13
22770	-4	22770	-4	22770	-13
22780	-4	22780	-4	22780	-14
22790	-4	22790	-6	22790	-15
22800	-3	22800	-5	22800	-15
22810	-4	22810	-4	22810	-13
22820	-5	22820	-4	22820	-13
22830	-3	22830	-3	22830	-17
22840	-4	22840	-2	22840	-15
22850	-5	22850	0	22850	-12
22860	-5	22860	1	22860	-12
22870	-5	22870	0	22870	-14
22880	-5	22880	-3	22880	-15
22890	-5	22890	0	22890	-14
22900	-5	22900	-2	22900	-15
22910	-7	22910	-4	22910	-15
22920	-5	22920	-3	22920	-13
22930	-5	22930	-4	22930	-12
22940	-5	22940	-5	22940	-14
22950	-4	22950	-5	22950	-15
22960	-3	22960	-3	22960	-14
22970	-4	22970	-3	22970	-15
22980	-6	22980	0	22980	-17
22990	-4	22990	0	22990	-15
23000	-3	23000	-2	23000	-15
23010	-3	23010	-2	23010	-15
23020	-4	23020	-3	23020	-14
23030	-5	23030	-2	23030	-15
23040	-5	23040	0	23040	-15
23050	-3	23050	-3	23050	-14
23060	-2	23060	-3	23060	-14
23070	-2	23070	-2	23070	-13
23080	-3	23080	-3	23080	-13
23090	-3	23090	-3	23090	-12
23100	-3	23100	0	23100	-11
23110	-4	23110	-2	23110	-14
23120	-4	23120	-2	23120	-15
23130	-4	23130	0	23130	-13
23140	-4	23140	-3	23140	-14
23150	-3	23150	-3	23150	-14
23160	-4	23160	-3	23160	-13
23170	-5	23170	-3	23170	-14
23180	-4	23180	-2	23180	-13
23190	-5	23190	-3	23190	-13
23200	-5	23200	-4	23200	-14
23210	-4	23210	-3	23210	-15
23220	-4	23220	0	23220	-14
23230	-4	23230	-3	23230	-13
23240	-5	23240	-4	23240	-12
23250	-5	23250	-3	23250	-11
23260	-4	23260	0	23260	-14
23270	-4	23270	-2	23270	-15
23280	-5	23280	-2	23280	-14
23290	-4	23290	-3	23290	-15
23300	-5	23300	-3	23300	-13
23310	-5	23310	-3	23310	-13
23320	-4	23320	-4	23320	-15
23330	-4	23330	-5	23330	-14
23340	-5	23340	-9	23340	-12
23350	-4	23350	-5	23350	-13
23360	-2	23360	0	23360	-15
23370	-3	23370	-2	23370	-15
23380	-4	23380	-5	23380	-15
23390	-5	23390	-5	23390	-15
23400	-4	23400	-2	23400	-14
23410	-3	23410	-2	23410	-14
23420	-4	23420	-3	23420	-17
23430	-4	23430	-3	23430	-18
23440	0	23440	-3	23440	-15
23450	-3	23450	-3	23450	-15
23460	-5	23460	-3	23460	-15
23470	-4	23470	-2	23470	-14
23480	-4	23480	-3	23480	-14
23490	-4	23490	-3	23490	-14
23500	-3	23500	-2	23500	-14
23510	-4	23510	0	23510	-13
23520	-5	23520	-2	23520	-13
23530	-4	23530	-3	23530	-17
23540	-4	23540	-2	23540	-18
23550	-4	23550	-3	23550	-15
23560	-5	23560	-4	23560	-14
23570	-5	23570	-5	23570	-14
23580	-3	23580	-4	23580	-14
23590	-2	23590	-4	23590	-14
23600	-4	23600	-5	23600	-15
23610	-4	23610	-4	23610	-17
23620	-3	23620	-3	23620	-15
23630	-4	23630	-3	23630	-13
23640	-4	23640	-4	23640	-14
23650	-3	23650	-3	23650	-17
23660	-5	23660	0	23660	-14
23670	-4	23670	0	23670	-14
23680	-2	23680	-2	23680	-15
23690	-2	23690	-3	23690	-15
23700	-5	23700	-3	23700	-15
23710	-5	23710	-2	23710	-15
23720	-4	23720	-2	23720	-14
23730	-5	23730	-3	23730	-14
23740	-5	23740	-2	23740	-15
23750	-4	23750	1	23750	-14
23760	-4	23760	1	23760	-12
23770	-3	23770	0	23770	-12
23780	-4	23780	-2	23780	-15
23790	-6	23790	-3	23790	-17
23800	-5	23800	-3	23800	-15
23810	-4	23810	-3	23810	-14
23820	-4	23820	-3	23820	-13
23830	-4	23830	1	23830	-14
23840	-4	23840	0	23840	-17
23850	-4	23850	-4	23850	-17
23860	-4	23860	1	23860	-14
23870	-5	23870	2	23870	-15
23880	-4	23880	-2	23880	-15
23890	-3	23890	-3	23890	-14
23900	-3	23900	-5	23900	-14
23910	-3	23910	-4	23910	-17
23920	-4	23920	-4	23920	-17
23930	-4	23930	-4	23930	-15
23940	-4	23940	-4	23940	-15
23950	-4	23950	-3	23950	-14
23960	-4	23960	-2	23960	-13
23970	-4	23970	-4	23970	-13
23980	-4	23980	-5	23980	-14
23990	-4	23990	-3	23990	-17
24000	-4	24000	0	24000	-17
24010	-5	24010	-4	24010	-17
24020	-5	24020	-4	24020	-14
24030	-5	24030	-2	24030	-11
24040	-6	24040	-3	24040	-12
24050	-5	24050	-3	24050	-15
24060	-5	24060	-2	24060	-14
24070	-4	24070	-2	24070	-13
24080	-4	24080	-3	24080	-15
24090	-5	24090	-3	24090	-17
24100	-3	24100	-5	24100	-17
24110	-2	24110	-3	24110	-17
24120	-4	24120	-3	24120	-15
24130	-6	24130	-3	24130	-14
24140	-4	24140	-2	24140	-17
24150	-4	24150	-6	24150	-17
24160	-4	24160	-6	24160	-17
24170	-4	24170	-3	24170	-18
24180	-6	24180	-4	24180	-15
24190	-5	24190	-5	24190	-14
24200	-4	24200	-5	24200	-15
24210	-5	24210	-5	24210	-15
24220	-5	24220	-4	24220	-14
24230	-4	24230	-2	24230	-12
24240	-5	24240	1	24240	-13
24250	-5	24250	-2	24250	-13
24260	-4	24260	-3	24260	-13
24270	-5	24270	-2	24270	-13
24280	-6	24280	-2	24280	-13
24290	-5	24290	-3	24290	-14
24300	-4	24300	-3	24300	-15
24310	-3	24310	-3	24310	-13
24320	-4	24320	-4	24320	-13
24330	-5	24330	-3	24330	-17
24340	-3	24340	-3	24340	-18
24350	-3	24350	-4	24350	-15
24360	-3	24360	-2	24360	-14
24370	-6	24370	-2	24370	-14
24380	-5	24380	-2	24380	-14
24390	-2	24390	-2	24390	-14
24400	-2	24400	-3	24400	-14
24410	-4	24410	-4	24410	-17
24420	-3	24420	-3	24420	-17
24430	-4	24430	0	24430	-17
24440	-5	24440	0	24440	-15
24450	-4	24450	-2	24450	-14
24460	-4	24460	-4	24460	-15
24470	-5	24470	-4	24470	-18
24480	-5	24480	-2	24480	-17
24490	-4	24490	0	24490	-14
24500	-4	24500	1	24500	-14
24510	-4	24510	1	24510	-15
24520	-2	24520	-2	24520	-14
24530	-3	24530	-4	24530	-14
24540	-5	24540	-4	24540	-14
24550	-5	24550	-4	24550	-15
24560	-6	24560	0	24560	-14
24570	-6	24570	-2	24570	-14
24580	-4	24580	-2	24580	-14
24590	-4	24590	1	24590	-11
24600	-4	24600	0	24600	-13
24610	-3	24610	0	24610	-14
24620	-3	24620	-2	24620	-15
24630	-3	24630	-2	24630	-18
24640	-4	24640	-2	24640	-18
24650	-5	24650	-2	24650	-15
24660	-5	24660	1	24660	-15
24670	-5	24670	0	24670	-17
24680	-6	24680	-2	24680	-14
24690	-5	24690	-3	24690	-14
24700	-4	24700	-2	24700	-14
24710	-5	24710	-4	24710	-17
24720	-4	24720	-5	24720	-17
24730	-2	24730	-2	24730	-13
24740	-4	24740	0	24740	-12
24750	-5	24750	0	24750	-12
24760	-4	24760	0	24760	-12
24770	-5	24770	0	24770	-12
24780	-5	24780	-3	24780	-14
24790	-4	24790	-2	24790	-13
24800	-4	24800	0	24800	-13
24810	-4	24810	0	24810	-14
24820	-2	24820	-3	24820	-14
24830	-3	24830	-4	24830	-18
24840	-5	24840	-3	24840	-17
24850	-5	24850	-2	24850	-13
24860	-4	24860	-3	24860	-14
24870	-4	24870	-3	24870	-15
24880	-4	24880	0	24880	-14
24890	-4	24890	-3	24890	-14
24900	-3	24900	-4	24900	-14
24910	-4	24910	-3	24910	-13
24920	-5	24920	-2	24920	-14
24930	-4	24930	-3	24930	-13
24940	-4	24940	-3	24940	-12
24950	-5	24950	-3	24950	-13
24960	-5	24960	-2	24960	-14
24970	-4	24970	1	24970	-14
24980	-4	24980	0	24980	-14
24990	-5	24990	-4	24990	-15
25000	-4	25000	-6	25000	-15
25010	-4	25010	-4	25010	-14
25020	-5	25020	0	25020	-15
25030	-5	25030	-2	25030	-14
25040	-4	25040	-3	25040	-13
25050	-4	25050	0	25050	-13
25060	-5	25060	-2	25060	-14
25070	-4	25070	-2	25070	-13
25080	-4	25080	-2	25080	-14
25090	-4	25090	-4	25090	-17
25100	-4	25100	-2	25100	-18
25110	-4	25110	0	25110	-17
25120	-4	25120	-3	25120	-14
25130	-6	25130	-4	25130	-13
25140	-5	25140	-3	25140	-13
25150	-5	25150	-3	25150	-14
25160	-5	25160	-4	25160	-15
25170	-5	25170	-3	25170	-14
25180	-4	25180	-2	25180	-12
25190	-4	25190	0	25190	-14
25200	-4	25200	0	25200	-17
25210	-5	25210	-4	25210	-18
25220	-6	25220	-4	25220	-17
25230	-4	25230	-3	25230	-18
25240	-3	25240	-3	25240	-17
25250	-3	25250	-2	25250	-15
25260	-3	25260	0	25260	-14
25270	-3	25270	1	25270	-12
25280	-5	25280	1	25280	-14
25290	-4	25290	-3	25290	-17
25300	-4	25300	-3	25300	-15
25310	-5	25310	-2	25310	-15
25320	-5	25320	-3	25320	-14
25330	-5	25330	-5	25330	-15
25340	-4	25340	-3	25340	-17
25350	-4	25350	-2	25350	-14
25360	-4	25360	-2	25360	-13
25370	-4	25370	-5	25370	-14
25380	-4	25380	-3	25380	-15
25390	-3	25390	-2	25390	-14
25400	-3	25400	-3	25400	-14
25410	-3	25410	-3	25410	-14
25420	-4	25420	-4	25420	-14
25430	-5	25430	-3	25430	-17
25440	-5	25440	-5	25440	-18
25450	-5	25450	-6	25450	-17
25460	-4	25460	-4	25460	-15
25470	-3	25470	-3	25470	-14
25480	-3	25480	-2	25480	-14
25490	-4	25490	-2	25490	-15
25500	-4	25500	-3	25500	-15
25510	-2	25510	-3	25510	-13
25520	-3	25520	-3	25520	-13
25530	-5	25530	-2	25530	-13
25540	-3	25540	-3	25540	-13
25550	-3	25550	-3	25550	-14
25560	-4	25560	-2	25560	-13
25570	-5	25570	-2	25570	-12
25580	-5	25580	-2	25580	-13
25590	-4	25590	-3	25590	-15
25600	-4	25600	0	25600	-14
25610	-3	25610	-2	25610	-11
25620	-3	25620	-3	25620	-14
25630	-5	25630	-3	25630	-14
25640	-5	25640	-2	25640	-14
25650	-4	25650	0	25650	-15
25660	-5	25660	-4	25660	-14
25670	-5	25670	-2	25670	-15
25680	-4	25680	0	25680	-15
25690	-3	25690	-3	25690	-13
25700	-4	25700	-2	25700	-14
25710	-5	25710	-3	25710	-15
25720	-4	25720	-5	25720	-15
25730	-3	25730	-5	25730	-15
25740	-3	25740	-5	25740	-14
25750	-5	25750	-3	25750	-12
25760	-5	25760	-2	25760	-12
25770	-4	25770	-2	25770	-15
25780	-3	25780	-3	25780	-15
25790	-3	25790	-3	25790	-14
25800	-4	25800	-2	25800	-15
25810	-3	25810	0	25810	-14
25820	-4	25820	-3	25820	-14
25830	-5	25830	-2	25830	-13
25840	-4	25840	-2	25840	-12
25850	-4	25850	-5	25850	-14
25860	-3	25860	-3	25860	-14
25870	-3	25870	-2	25870	-14
25880	-2	25880	-2	25880	-15
25890	-3	25890	-3	25890	-18
25900	-6	25900	-5	25900	-17
25910	-6	25910	-4	25910	-15
25920	-4	25920	-3	25920	-15
25930	-5	25930	-3	25930	-14
25940	-8	25940	-3	25940	-15
25950	-7	25950	-3	25950	-15
25960	-4	25960	-4	25960	-14
25970	-4	25970	-3	25970	-14
25980	-3	25980	-2	25980	-15
25990	-4	25990	-3	25990	-17
26000	-6	26000	-3	26000	-15
26010	-4	26010	-2	26010	-14
26020	-3	26020	-2	26020	-15
26030	-5	26030	-3	26030	-15
26040	-4	26040	-2	26040	-14
26050	-3	26050	0	26050	-14
26060	-3	26060	-2	26060	-14
26070	-3	26070	-3	26070	-13
26080	-3	26080	-2	26080	-13
26090	-3	26090	-2	26090	-14
26100	-4	26100	-4	26100	-15
26110	-6	26110	-4	26110	-17
26120	-6	26120	-2	26120	-17
26130	-5	26130	0	26130	-15
26140	-3	26140	-2	26140	-15
26150	-3	26150	-3	26150	-15
26160	-4	26160	-2	26160	-15
26170	-4	26170	0	26170	-17
26180	-3	26180	-2	26180	-15
26190	-2	26190	0	26190	-14
26200	-4	26200	-2	26200	-15
26210	-4	26210	-3	26210	-15
26220	-5	26220	-4	26220	-15
26230	-5	26230	-3	26230	-15
26240	-4	26240	0	26240	-14
26250	-4	26250	-2	26250	-14
26260	-5	26260	-4	26260	-15
26270	-6	26270	-4	26270	-17
26280	-5	26280	-3	26280	-14
26290	-4	26290	-2	26290	-12
26300	-5	26300	-2	26300	-10
26310	-5	26310	-3	26310	-11
26320	-4	26320	-3	26320	-17
26330	-4	26330	-2	26330	-17
26340	-5	26340	-4	26340	-15
26350	-5	26350	-3	26350	-15
26360	-4	26360	0	26360	-18
26370	-5	26370	-2	26370	-15
26380	-5	26380	-2	26380	-12
26390	-4	26390	-2	26390	-11
26400	-4	26400	-3	26400	-12
26410	-5	26410	-4	26410	-12
26420	-4	26420	-3	26420	-13
26430	-4	26430	-3	26430	-15
26440	-4	26440	0	26440	-13
26450	-3	26450	-2	26450	-11
26460	-3	26460	-3	26460	-12
26470	-3	26470	1	26470	-13
26480	0	26480	0	26480	-11
26490	-2	26490	-3	26490	-12
26500	-4	26500	-3	26500	-13
26510	-5	26510	-3	26510	-12
26520	-5	26520	-2	26520	-13
26530	-6	26530	-3	26530	-14
26540	-5	26540	-3	26540	-15
26550	-5	26550	-4	26550	-15
26560	-5	26560	-4	26560	-14
26570	-4	26570	-2	26570	-15
26580	-4	26580	-2	26580	-15
26590	-4	26590	-3	26590	-14
26600	-4	26600	-2	26600	-14
26610	-4	26610	0	26610	-13
26620	-4	26620	-2	26620	-14
26630	-4	26630	-3	26630	-14
26640	-4	26640	-2	26640	-14
26650	-5	26650	-2	26650	-13
26660	-6	26660	-3	26660	-14
26670	-5	26670	-2	26670	-14
26680	-4	26680	-4	26680	-15
26690	-2	26690	-4	26690	-14
26700	-2	26700	0	26700	-11
26710	-4	26710	-4	26710	-12
26720	-4	26720	-4	26720	-15
26730	-4	26730	-2	26730	-15
26740	-5	26740	-2	26740	-12
26750	-3	26750	-3	26750	-12
26760	-3	26760	-4	26760	-14
26770	-4	26770	0	26770	-15
26780	-4	26780	-2	26780	-17
26790	-4	26790	-4	26790	-15
26800	-3	26800	-2	26800	-14
26810	-3	26810	-2	26810	-15
26820	-5	26820	-4	26820	-15
26830	-6	26830	-4	26830	-17
26840	-4	26840	-4	26840	-15
26850	-4	26850	-5	26850	-13
26860	-6	26860	-5	26860	-14
26870	-5	26870	-2	26870	-14
26880	-2	26880	1	26880	-13
26890	-3	26890	-2	26890	-14
26900	-5	26900	-3	26900	-14
26910	-7	26910	-4	26910	-14
26920	-5	26920	-2	26920	-17
26930	-2	26930	-3	26930	-15
26940	-4	26940	-4	26940	-13
26950	-5	26950	-4	26950	-14
26960	-4	26960	-3	26960	-17
26970	-4	26970	-2	26970	-17
26980	-3	26980	-2	26980	-14
26990	-4	26990	-2	26990	-15
27000	-5	27000	-2	27000	-14
27010	-5	27010	0	27010	-13
27020	-4	27020	0	27020	-14
27030	-4	27030	0	27030	-13
27040	-3	27040	1	27040	-13
27050	-2	27050	1	27050	-15
27060	-3	27060	-4	27060	-14
27070	-4	27070	-4	27070	-13
27080	-4	27080	0	27080	-13
27090	-4	27090	-2	27090	-14
27100	-4	27100	-2	27100	-17
27110	-4	27110	-2	27110	-18
27120	-4	27120	-3	27120	-14
27130	-5	27130	-3	27130	-13
27140	-6	27140	-3	27140	-15
27150	-4	27150	-2	27150	-15
27160	-3	27160	0	27160	-13
27170	-4	27170	-2	27170	-15
27180	-4	27180	-4	27180	-17
27190	-3	27190	-4	27190	-14
27200	-2	27200	-2	27200	-14
27210	-3	27210	1	27210	-14
27220	-4	27220	-2	27220	-14
27230	-4	27230	-3	27230	-14
27240	-4	27240	0	27240	-13
27250	-2	27250	-2	27250	-14
27260	-3	27260	-2	27260	-15
27270	-3	27270	-2	27270	-14
27280	-2	27280	-2	27280	-15
27290	0	27290	0	27290	-17
27300	-3	27300	1	27300	-14
27310	-4	27310	-2	27310	-14
27320	-3	27320	-3	27320	-15
27330	-2	27330	-3	27330	-14
27340	0	27340	-4	27340	-12
27350	0	27350	-3	27350	-13
27360	-4	27360	-3	27360	-15
27370	-5	27370	-3	27370	-13
27380	-4	27380	-3	27380	-13
27390	-5	27390	-3	27390	-15
27400	-5	27400	-5	27400	-17
27410	-4	27410	-4	27410	-14
27420	-4	27420	-2	27420	-13
27430	-5	27430	-2	27430	-13
27440	-4	27440	1	27440	-12
27450	-3	27450	0	27450	-13
27460	-3	27460	-2	27460	-13
27470	-2	27470	0	27470	-13
27480	-3	27480	0	27480	-15
27490	-4	27490	-2	27490	-15
27500	-4	27500	-3	27500	-14
27510	-5	27510	-3	27510	-14
27520	-5	27520	-3	27520	-13
27530	-4	27530	-4	27530	-14
27540	-3	27540	-2	27540	-15
27550	-2	27550	1	27550	-15
27560	-3	27560	-3	27560	-14
27570	-4	27570	-6	27570	-15
27580	-4	27580	-6	27580	-15
27590	-5	27590	-4	27590	-14
27600	-5	27600	-6	27600	-14
27610	-4	27610	-7	27610	-13
27620	-4	27620	-3	27620	-14
27630	-3	27630	-2	27630	-14
27640	-4	27640	-3	27640	-14
27650	-4	27650	0	27650	-14
27660	-4	27660	-3	27660	-14
27670	-5	27670	-4	27670	-14
27680	-7	27680	-3	27680	-14
27690	-5	27690	-2	27690	-14
27700	-5	27700	-2	27700	-13
27710	-5	27710	-2	27710	-12
27720	-4	27720	-3	27720	-13
27730	-4	27730	-5	27730	-13
27740	-2	27740	-3	27740	-14
27750	0	27750	0	27750	-14
27760	-2	27760	0	27760	-14
27770	-4	27770	0	27770	-13
27780	-5	27780	-2	27780	-14
27790	-5	27790	-4	27790	-15
27800	-5	27800	-3	27800	-14
27810	-4	27810	0	27810	-13
27820	-4	27820	1	27820	-14
27830	-4	27830	1	27830	-17
27840	-2	27840	0	27840	-15
27850	-3	27850	-2	27850	-14
27860	-6	27860	-2	27860	-17
27870	-5	27870	-2	27870	-17
27880	-4	27880	-3	27880	-15
27890	-4	27890	-3	27890	-15
27900	-4	27900	-2	27900	-15
27910	-4	27910	-2	27910	-15
27920	-4	27920	-2	27920	-14
27930	-4	27930	0	27930	-13
27940	-3	27940	0	27940	-15
27950	-4	27950	-2	27950	-15
27960	-3	27960	-2	27960	-13
27970	-3	27970	-2	27970	-14
27980	-3	27980	-2	27980	-18
27990	0	27990	0	27990	-15
28000	-2	28000	1	28000	-15
28010	-5	28010	-2	28010	-17
28020	-5	28020	-3	28020	-15
28030	-5	28030	-4	28030	-17
28040	-5	28040	-3	28040	-15
28050	-5	28050	-3	28050	-14
28060	-4	28060	-3	28060	-13
28070	-4	28070	-2	28070	-13
28080	-4	28080	-3	28080	-15
28090	-5	28090	-3	28090	-17
28100	-3	28100	-4	28100	-15
28110	-3	28110	-4	28110	-15
28120	-4	28120	-2	28120	-17
28130	-5	28130	-2	28130	-15
28140	-5	28140	-2	28140	-15
28150	-5	28150	-3	28150	-15
28160	-2	28160	-2	28160	-14
28170	-2	28170	0	28170	-15
28180	-4	28180	-2	28180	-14
28190	-3	28190	-2	28190	-13
28200	-3	28200	-4	28200	-14
28210	-3	28210	-2	28210	-14
28220	-4	28220	-3	28220	-15
28230	-4	28230	-5	28230	-14
28240	-3	28240	-2	28240	-13
28250	-4	28250	0	28250	-14
28260	-5	28260	1	28260	-13
28270	-5	28270	1	28270	-12
28280	-4	28280	-3	28280	-11
28290	-3	28290	-4	28290	-13
28300	-4	28300	-2	28300	-14
28310	-3	28310	-2	28310	-15
28320	-3	28320	-2	28320	-14
28330	-4	28330	0	28330	-15
28340	-4	28340	-4	28340	-15
28350	-4	28350	-4	28350	-17
28360	-3	28360	-4	28360	-15
28370	-2	28370	-5	28370	-13
28380	-2	28380	-3	28380	-14
28390	-4	28390	-2	28390	-15
28400	-4	28400	-3	28400	-14
28410	-4	28410	-6	28410	-14
28420	-5	28420	-7	28420	-14
28430	-5	28430	-4	28430	-13
28440	-5	28440	-2	28440	-14
28450	-4	28450	-2	28450	-13
28460	-4	28460	-2	28460	-13
28470	-6	28470	0	28470	-15
28480	-6	28480	-3	28480	-14
28490	-4	28490	-3	28490	-13
28500	-5	28500	-2	28500	-14
28510	-5	28510	-2	28510	-15
28520	-3	28520	0	28520	-14
28530	-3	28530	-2	28530	-13
28540	-5	28540	-4	28540	-13
28550	-3	28550	-4	28550	-13
28560	-3	28560	-3	28560	-13
28570	-4	28570	-2	28570	-14
28580	-2	28580	-4	28580	-15
28590	-3	28590	-3	28590	-13
28600	-4	28600	1	28600	-12
28610	-5	28610	0	28610	-14
28620	-5	28620	-3	28620	-15
28630	-3	28630	-3	28630	-15
28640	-3	28640	1	28640	-13
28650	-4	28650	-2	28650	-13
28660	-3	28660	-6	28660	-15
28670	-4	28670	-3	28670	-17
28680	-4	28680	0	28680	-15
28690	-5	28690	-2	28690	-14
28700	-5	28700	-3	28700	-17
28710	-4	28710	-4	28710	-17
28720	-4	28720	-3	28720	-14
28730	-3	28730	0	28730	-12
28740	-4	28740	-3	28740	-14
28750	-5	28750	-4	28750	-15
28760	-3	28760	-2	28760	-11
28770	-4	28770	-2	28770	-11
28780	-6	28780	-4	28780	-13
28790	-6	28790	-3	28790	-12
28800	-5	28800	-2	28800	-13
28810	-5	28810	-4	28810	-14
28820	-3	28820	-2	28820	-14
28830	-4	28830	0	28830	-14
28840	-4	28840	0	28840	-15
28850	-4	28850	0	28850	-17
28860	-2	28860	-2	28860	-14
28870	-3	28870	-2	28870	-12
28880	-5	28880	-2	28880	-12
28890	-6	28890	-2	28890	-14
28900	-4	28900	-4	28900	-15
28910	-2	28910	-3	28910	-15
28920	-3	28920	-3	28920	-14
28930	-4	28930	-5	28930	-13
28940	-6	28940	-3	28940	-13
28950	-5	28950	-4	28950	-14
28960	-4	28960	-5	28960	-15
28970	-5	28970	-2	28970	-17
28980	-5	28980	0	28980	-15
28990	-5	28990	0	28990	-14
29000	-4	29000	-4	29000	-15
29010	-4	29010	-3	29010	-18
29020	-4	29020	-3	29020	-15
29030	-4	29030	-3	29030	-14
29040	-4	29040	-3	29040	-15
29050	-4	29050	-3	29050	-13
29060	-5	29060	0	29060	-11
29070	-4	29070	-2	29070	-12
29080	-3	29080	-2	29080	-14
29090	-3	29090	-2	29090	-17
29100	-3	29100	-3	29100	-18
29110	-4	29110	-3	29110	-15
29120	-4	29120	-2	29120	-15
29130	-3	29130	-2	29130	-15
29140	-4	29140	-2	29140	-15
29150	-4	29150	0	29150	-13
29160	-4	29160	1	29160	-14
29170	-5	29170	0	29170	-15
29180	-5	29180	-3	29180	-13
29190	-4	29190	-5	29190	-13
29200	-4	29200	-6	29200	-13
29210	-5	29210	-4	29210	-14
29220	-5	29220	-4	29220	-17
29230	-5	29230	-4	29230	-17
29240	-6	29240	-2	29240	-15
29250	-5	29250	0	29250	-14
29260	-4	29260	0	29260	-13
29270	-2	29270	0	29270	-13
29280	-3	29280	0	29280	-13
29290	-5	29290	-3	29290	-14
29300	-5	29300	-3	29300	-12
29310	-4	29310	-3	29310	-12
29320	-4	29320	-3	29320	-12
29330	-5	29330	-4	29330	-13
29340	-5	29340	-5	29340	-14
29350	-5	29350	-4	29350	-15
29360	-4	29360	-2	29360	-15
29370	-3	29370	-3	29370	-15
29380	-3	29380	-5	29380	-13
29390	-4	29390	-4	29390	-11
29400	-6	29400	0	29400	-13
29410	-6	29410	-3	29410	-15
29420	-4	29420	-4	29420	-17
29430	-4	29430	-4	29430	-14
29440	-4	29440	-4	29440	-13
29450	-2	29450	-2	29450	-12
29460	0	29460	0	29460	-13
29470	-4	29470	-2	29470	-15
29480	-5	29480	-4	29480	-15
29490	-4	29490	-2	29490	-14
29500	-4	29500	1	29500	-14
29510	-4	29510	1	29510	-15
29520	-4	29520	0	29520	-15
29530	-4	29530	-2	29530	-14
29540	-4	29540	-3	29540	-15
29550	-4	29550	-4	29550	-17
29560	-4	29560	-4	29560	-15
29570	-4	29570	-3	29570	-14
29580	-5	29580	-3	29580	-14
29590	-3	29590	-5	29590	-17
29600	-3	29600	-5	29600	-15
29610	-5	29610	-3	29610	-15
29620	-3	29620	-2	29620	-17
29630	-5	29630	-2	29630	-18
29640	-5	29640	-2	29640	-17
29650	-3	29650	-2	29650	-14
29660	-4	29660	-4	29660	-13
29670	-5	29670	-3	29670	-14
29680	-5	29680	-3	29680	-14
29690	-5	29690	-5	29690	-15
29700	-4	29700	-3	29700	-17
29710	-3	29710	-3	29710	-15
29720	-4	29720	-3	29720	-15
29730	-6	29730	0	29730	-15
29740	-6	29740	1	29740	-15
29750	-4	29750	-3	29750	-15
29760	-3	29760	-3	29760	-14
29770	-4	29770	-3	29770	-12
29780	-5	29780	-3	29780	-13
29790	-5	29790	-2	29790	-14
29800	-4	29800	-2	29800	-14
29810	-2	29810	1	29810	-12
29820	-4	29820	1	29820	-13
29830	-6	29830	-2	29830	-15
29840	-5	29840	-3	29840	-15
29850	-5	29850	-4	29850	-15
29860	-5	29860	-3	29860	-17
29870	-5	29870	-3	29870	-14
29880	-4	29880	-3	29880	-13
29890	-4	29890	-3	29890	-15
29900	-4	29900	-2	29900	-17
29910	-4	29910	-5	29910	-15
29920	-5	29920	-4	29920	-13
29930	-4	29930	0	29930	-14
29940	-4	29940	0	29940	-15
29950	-4	29950	-3	29950	-15
29960	-4	29960	-3	29960	-14
29970	-4	29970	-3	29970	-12
29980	-5	29980	-4	29980	-12
29990	-5	29990	-2	29990	-12
30000	-3	30000	0	30000	-12
30010	-2	30010	-2	30010	-13
30020	-3	30020	-3	30020	-13
30030	-5	30030	-3	30030	-15
30040	-6	30040	-2	30040	-15
30050	-5	30050	-2	30050	-13
30060	-4	30060	-3	30060	-13
30070	-4	30070	-3	30070	-14
30080	-3	30080	0	30080	-15
30090	-4	30090	-2	30090	-14
30100	-4	30100	-5	30100	-14
30110	-4	30110	-3	30110	-13
30120	-5	30120	-3	30120	-13
30130	-6	30130	-4	30130	-14
30140	-5	30140	-3	30140	-15
30150	-3	30150	0	30150	-15
30160	-3	30160	1	30160	-12
30170	-3	30170	0	30170	-12
30180	-3	30180	-2	30180	-17
30190	-4	30190	0	30190	-15
30200	-5	30200	0	30200	-12
30210	-5	30210	-2	30210	-12
30220	-5	30220	-2	30220	-13
30230	-4	30230	-3	30230	-14
30240	-4	30240	0	30240	-13
30250	-5	30250	0	30250	-13
30260	-3	30260	-2	30260	-14
30270	-2	30270	0	30270	-14
30280	-5	30280	-3	30280	-14
30290	-6	30290	-4	30290	-17
30300	-5	30300	-4	30300	-18
30310	-4	30310	-4	30310	-15
30320	-5	30320	-2	30320	-15
30330	-3	30330	0	30330	-15
30340	-2	30340	-2	30340	-15
30350	-2	30350	-2	30350	-14
30360	-4	30360	-2	30360	-14
30370	-5	30370	-3	30370	-15
30380	-3	30380	1	30380	-15
30390	-5	30390	-2	30390	-14
30400	-6	30400	-5	30400	-12
30410	-4	30410	-3	30410	-12
30420	-4	30420	-3	30420	-13
30430	-2	30430	-3	30430	-13
30440	-4	30440	-2	30440	-14
30450	-6	30450	-2	30450	-15
30460	-5	30460	-2	30460	-14
30470	-4	30470	-4	30470	-15
30480	-4	30480	-4	30480	-17
30490	-3	30490	-4	30490	-17
30500	-3	30500	-4	30500	-15
30510	-4	30510	-3	30510	-14
30520	-3	30520	-2	30520	-15
30530	-3	30530	-3	30530	-17
30540	-4	30540	-4	30540	-14
30550	-4	30550	-5	30550	-15
30560	-3	30560	-4	30560	-17
30570	-4	30570	-2	30570	-14
30580	-4	30580	-2	30580	-13
30590	-3	30590	-2	30590	-14
30600	-2	30600	-4	30600	-17
30610	-3	30610	-5	30610	-18
30620	-4	30620	-5	30620	-15
30630	-4	30630	-3	30630	-14
30640	-5	30640	0	30640	-14
30650	-5	30650	-2	30650	-15
30660	-4	30660	-3	30660	-14
30670	-4	30670	-2	30670	-13
30680	-4	30680	0	30680	-15
30690	-5	30690	0	30690	-15
30700	-4	30700	-2	30700	-15
30710	-4	30710	-5	30710	-17
30720	-4	30720	-7	30720	-15
30730	-3	30730	-4	30730	-13
30740	-4	30740	-4	30740	-14
30750	-5	30750	-5	30750	-14
30760	-5	30760	-3	30760	-14
30770	-5	30770	-5	30770	-18
30780	-5	30780	-4	30780	-18
30790	-4	30790	0	30790	-15
30800	-4	30800	-2	30800	-13
30810	-3	30810	-4	30810	-14
30820	-4	30820	-5	30820	-15
30830	-4	30830	-3	30830	-15
30840	-3	30840	-4	30840	-14
30850	-4	30850	-5	30850	-14
30860	-3	30860	-3	30860	-14
30870	-2	30870	-3	30870	-14
30880	-3	30880	-3	30880	-14
30890	-5	30890	-2	30890	-15
30900	-5	30900	-3	30900	-13
30910	-3	30910	-3	30910	-14
30920	-3	30920	-2	30920	-17
30930	-4	30930	-4	30930	-15
30940	-5	30940	-3	30940	-15
30950	-6	30950	-2	30950	-13
30960	-5	30960	-5	30960	-12
30970	-4	30970	-4	30970	-13
30980	-5	30980	-2	30980	-17
30990	-4	30990	-2	30990	-15
31000	-3	31000	-2	31000	-12
31010	-4	31010	-3	31010	-12
31020	-5	31020	-3	31020	-14
31030	-4	31030	-3	31030	-14
31040	-4	31040	-2	31040	-13
31050	-4	31050	0	31050	-13
31060	-4	31060	-3	31060	-14
31070	-3	31070	-4	31070	-13
31080	-4	31080	-4	31080	-12
31090	-4	31090	-3	31090	-15
31100	-5	31100	-2	31100	-14
31110	-5	31110	-3	31110	-14
31120	-5	31120	-4	31120	-15
31130	-5	31130	-3	31130	-14
31140	-4	31140	-3	31140	-13
31150	-4	31150	-4	31150	-14
31160	-4	31160	-4	31160	-14
31170	-3	31170	-3	31170	-13
31180	-2	31180	0	31180	-13
31190	-4	31190	0	31190	-14
31200	-5	31200	-5	31200	-17
31210	-4	31210	-4	31210	-15
31220	-4	31220	-3	31220	-14
31230	-3	31230	-4	31230	-14
31240	-4	31240	-3	31240	-15
31250	-5	31250	-2	31250	-14
31260	-4	31260	-4	31260	-14
31270	-4	31270	-3	31270	-14
31280	-4	31280	-2	31280	-14
31290	-3	31290	-2	31290	-14
31300	-4	31300	-2	31300	-15
31310	-4	31310	-3	31310	-15
31320	-3	31320	-4	31320	-15
31330	-4	31330	-3	31330	-14
31340	-4	31340	-3	31340	-14
31350	-4	31350	-3	31350	-15
31360	-4	31360	-3	31360	-15
31370	-5	31370	-3	31370	-15
31380	-4	31380	-2	31380	-14
31390	-4	31390	0	31390	-15
31400	-4	31400	-2	31400	-15
31410	-4	31410	-2	31410	-15
31420	-4	31420	-3	31420	-15
31430	-6	31430	-4	31430	-14
31440	-6	31440	-3	31440	-14
31450	-4	31450	-2	31450	-15
31460	-4	31460	-3	31460	-14
31470	-5	31470	-2	31470	-15
31480	-6	31480	-2	31480	-14
31490	-6	31490	-3	31490	-14
31500	-4	31500	-2	31500	-15
31510	-3	31510	-3	31510	-14
31520	-4	31520	-4	31520	-15
31530	-4	31530	-2	31530	-15
31540	-3	31540	0	31540	-13
31550	-3	31550	-2	31550	-14
31560	-3	31560	-2	31560	-14
31570	-3	31570	0	31570	-14
31580	-3	31580	-3	31580	-15
31590	-4	31590	-4	31590	-15
31600	-4	31600	-2	31600	-15
31610	-3	31610	0	31610	-14
31620	-3	31620	0	31620	-14
31630	-3	31630	-2	31630	-14
31640	-5	31640	-3	31640	-15
31650	-6	31650	-2	31650	-15
31660	-6	31660	-3	31660	-15
31670	-4	31670	-5	31670	-17
31680	-4	31680	-4	31680	-17
31690	-5	31690	-2	31690	-15
31700	-5	31700	0	31700	-15
31710	-5	31710	-2	31710	-15
31720	-4	31720	-2	31720	-13
31730	-4	31730	-2	31730	-15
31740	-4	31740	-3	31740	-15
31750	-5	31750	-4	31750	-15
31760	-3	31760	-4	31760	-14
31770	-3	31770	-4	31770	-13
31780	-6	31780	-5	31780	-14
31790	-5	31790	-5	31790	-13
31800	-4	31800	-4	31800	-13
31810	-3	31810	-3	31810	-13
31820	-3	31820	-2	31820	-14
31830	-3	31830	-2	31830	-14
31840	-3	31840	-3	31840	-13
31850	-4	31850	-3	31850	-14
31860	-4	31860	-3	31860	-15
31870	-4	31870	-4	31870	-15
31880	-4	31880	-4	31880	-14
31890	-4	31890	-4	31890	-14
31900	-4	31900	0	31900	-17
31910	-4	31910	0	31910	-15
31920	-3	31920	0	31920	-14
31930	-4	31930	-2	31930	-14
31940	-5	31940	-4	31940	-14
31950	-5	31950	-4	31950	-15
31960	-4	31960	-2	31960	-14
EOF
